267356,11.8,10.5,2.3
299003,13,4.3,2
41338,3.5,6,2.5
301413,13.1,2.3,1.5
207457,9.6,9.4,1.9
31045,3.1,9.8,2.2
89082,5.2,16.6,2.4
178329,8.5,14.3,2.1
315101,13.6,3,2.3
317838,13.7,3.2,1.5
51632,3.9,2.3,1.4
318605,13.7,8.3,1.7
314772,13.5,18.9,2.4
156099,7.7,10.9,2.1
262429,11.6,13.9,1.6
46485,3.7,4.1,2.7
134417,6.9,11.2,1.4
301960,13.1,5.9,2.2
260129,11.5,16.6,2.6
315867,13.6,8.1,2.4
215123,9.9,6.2,2
10020,2.3,14.4,2.7
280059,12.3,4.7,2.1
307435,13.3,6.2,2.2
222131,10.1,16.7,2.3
249836,11.2,2.3,2.3
244251,10.9,19.4,1.8
123576,6.5,11.3,1.8
214794,9.9,4,2.1
55245,4,8.2,2.7
232315,10.5,12.2,2.2
8487,2.3,4.2,2.4
88754,5.2,14.4,2.6
12538,2.4,13.1,2.5
30935,3.1,9.1,1.7
270423,11.9,12.9,1.5
227935,10.3,19.2,2.2
100252,5.6,18.7,1.9
312582,13.5,4.3,2.4
9363,2.3,10.1,1.5
141754,7.2,5.8,1.6
120182,6.4,6.8,1.4
252464,11.2,19.8,2.6
260896,11.6,3.7,1.3
60283,4.2,5.6,2.5
157961,7.8,5.2,2.3
144273,7.3,4.5,1.5
210961,9.7,14.7,1.3
233300,10.5,18.8,1.7
248631,11.1,12.4,1.8
88535,5.2,13,1.7
222678,10.2,2.3,1.5
214685,9.9,3.3,1.7
52508,3.9,8.1,2
37834,3.3,18.9,1.6
160699,7.9,5.4,1.6
316086,13.6,9.6,1.8
108246,5.9,17.7,1.8
191579,9,12.1,2.6
71233,4.6,6.2,2.5
247536,11.1,5.1,1.8
81745,5,3.9,2.2
163108,8,3.3,2.5
229906,10.4,14.3,1.3
292981,12.7,18.5,1.3
315648,13.6,6.7,1.5
178548,8.5,15.8,1.5
45390,3.6,14.9,2.7
49113,3.8,3.6,1.5
82950,5,11.9,2.7
277650,12.2,6.7,2.7
81417,4.9,19.8,2.4
267028,11.8,8.3,2.5
78679,4.8,19.7,1.6
305574,13.2,11.9,2.1
111093,6,18.6,1.5
63896,4.3,11.6,2.3
80760,4.9,15.4,2.7
201544,9.4,6.2,1.6
153033,7.6,8.6,1.5
111859,6.1,5.6,1.6
273598,12,15.9,2.5
191469,9,11.4,2.1
179314,8.6,2.8,1.6
302508,13.1,9.6,1.5
91710,5.3,16,2.7
249726,11.1,19.7,1.8
248193,11.1,9.5,1.5
119963,6.4,5.3,2
184790,8.8,3.1,1.7
23051,2.8,10.8,2.3
15823,2.5,16.9,2.5
171540,8.3,5.2,2.7
255968,11.4,7,2
307545,13.3,6.9,2.7
42214,3.5,11.9,1.6
185009,8.8,4.5,2.6
151829,7.5,18.6,2.6
3230,2.1,5.4,1.7
106822,5.9,8.2,1.9
52289,3.9,6.6,2.6
260348,11.5,18.1,2
98828,5.6,9.2,2
170664,8.2,17.5,2.1
53165,3.9,12.5,1.7
196945,9.2,11.7,2.2
85140,5.1,8.4,2.7
214356,9.8,19.2,1.8
226292,10.3,8.3,1.4
246441,11,15.9,1.8
146025,7.3,16.1,2.7
25131,2.9,6.6,1.8
73314,4.7,2,2.1
301303,13,19.6,2.5
49880,3.8,8.7,1.7
271299,11.9,18.7,2.1
174277,8.4,5.4,1.9
327256,14,11.7,1.3
23927,2.8,16.7,1.4
143397,7.2,16.7,2.4
33673,3.2,9.2,2.5
316305,13.6,11,2.7
1588,2,12.5,2.5
254763,11.3,17.1,1.5
268232,11.8,16.4,1.4
286082,12.5,8.7,1.4
25788,2.9,11,1.5
126862,6.6,15.1,1.9
83607,5,16.3,2.4
262319,11.6,13.1,2.6
138250,7,18.6,2.2
300427,13,13.8,1.9
58640,4.1,12.8,1.7
85250,5.1,9.2,1.7
47908,3.7,13.6,2.5
44295,3.6,7.6,2.7
286191,12.5,9.4,1.8
188403,8.9,9.1,1.5
179424,8.6,3.5,2.1
47799,3.7,12.9,2.1
281045,12.3,11.3,1.7
203625,9.4,20,2.7
111750,6.1,4.8,2.7
165079,8,16.5,1.6
127409,6.6,18.7,2.6
23160,2.8,11.5,2.7
76708,4.8,6.5,2.5
39805,3.4,13.9,2.2
59516,4.1,18.6,2.3
76927,4.8,8,1.9
133103,6.9,2.4,2
13962,2.5,4.5,2.4
297580,12.9,12.9,2.2
311158,13.4,12.9,2.5
158399,7.8,8.1,2.6
157304,7.7,18.9,2.6
107041,5.9,9.7,1.3
296813,12.9,7.8,2
116678,6.2,19.6,2
35972,3.3,6.5,1.4
256296,11.4,9.2,1.8
122481,6.5,4,1.8
77694,4.8,13.1,2.1
129052,6.7,11.6,1.9
30716,3.1,7.6,2.3
42762,3.5,15.5,2.4
310392,13.4,7.8,2.4
314006,13.5,13.8,2.3
187199,8.8,19.1,2.6
18123,2.6,14.2,1.5
75285,4.7,15.1,2.7
112188,6.1,7.8,1.5
269766,11.9,8.5,1.8
3887,2.1,9.8,1.4
11881,2.4,8.8,1.3
54260,3.9,19.8,1.7
212056,9.8,3.9,1.3
240528,10.8,12.7,1.5
211618,9.7,19,2.5
146244,7.3,17.6,2.1
178438,8.5,15,2.5
94886,5.4,19.1,2.3
244798,11,4.9,2.5
61049,4.2,10.7,2.6
226073,10.3,6.8,2
59187,4.1,16.4,2.4
116130,6.2,15.9,2.7
205048,9.5,11.4,2.5
256187,11.4,8.5,1.4
24146,2.8,18.1,2.3
305683,13.2,12.6,2.5
255311,11.4,2.6,2.3
156318,7.7,12.4,1.5
140331,7.1,14.4,1.8
144820,7.3,8.1,2.2
97295,5.5,17.1,1.7
163874,8,8.4,2.6
164422,8,12.1,1.9
268452,11.8,17.8,2.4
260786,11.6,2.9,2.3
210085,9.7,8.8,2.2
119087,6.3,17.6,1.4
266371,11.8,4,1.3
173073,8.3,15.5,1.5
111531,6.1,3.4,1.8
309187,13.3,17.9,1.9
287943,12.6,3,1.5
179533,8.6,4.2,2.5
203953,9.5,4.1,2.5
192346,9,17.3,1.3
66853,4.4,13.2,2.5
96419,5.5,11.2,2.6
152267,7.6,3.5,1.4
74080,4.7,7.1,2.2
278635,12.2,13.3,2.2
63239,4.3,7.2,2.6
71781,4.6,9.9,1.8
54807,4,5.3,2.4
72328,4.6,13.5,2.5
140221,7.1,13.7,1.3
98609,5.6,7.7,2.6
304041,13.1,19.8,1.8
137812,7,15.7,1.9
59954,4.2,3.4,2.6
298456,12.9,18.8,1.3
321780,13.8,11.3,2.7
141864,7.2,6.5,2.1
35753,3.3,5,2
83388,5,14.9,1.5
131023,6.8,6.6,2.5
194755,9.1,15.2,2.2
84812,5.1,6.3,1.4
197273,9.2,13.9,2
233629,10.6,2.9,1.6
70904,4.6,4,2.6
37286,3.3,15.2,2.3
94996,5.4,19.9,1.3
101237,5.7,7.2,1.4
135184,6.9,16.3,1.6
163765,8,7.7,2.2
26336,2.9,14.6,2.3
84921,5.1,7,1.8
263414,11.7,2.3,2.6
7282,2.2,14.3,1.9
305355,13.2,10.4,2.7
239980,10.8,9,2.2
156866,7.7,16,2.3
188184,8.9,7.6,2.1
76161,4.8,2.9,1.8
148982,7.4,17.8,1.4
317072,13.6,16.2,1.4
178219,8.5,13.6,1.6
167816,8.1,16.6,2.3
74409,4.7,9.3,2.1
156975,7.7,16.7,2.7
204610,9.5,8.5,2.2
222459,10.1,18.9,2.1
124671,6.5,18.6,1.8
115802,6.2,13.8,1.4
324737,13.9,13,1.4
10896,2.4,2.2,1.8
290791,12.7,3.9,1.3
301194,13,18.9,2.1
261224,11.6,5.8,2.6
31592,3.1,13.5,1.4
84593,5.1,4.8,2
106275,5.9,4.5,2.7
222788,10.2,3,2
44514,3.6,9.1,2.1
236586,10.7,4.5,1.8
33782,3.2,10,1.4
214028,9.8,17,2
159056,7.8,12.5,2.3
255858,11.4,6.3,1.5
234724,10.6,10.2,1.6
297799,12.9,14.4,1.6
293090,12.7,19.2,1.7
105946,5.9,2.4,1.3
229796,10.4,13.5,2.3
64334,4.3,14.5,2.6
8049,2.2,19.4,2.1
244689,11,4.2,2.1
161027,7.9,7.6,1.4
154895,7.7,2.9,1.7
298346,12.9,18,2.3
199901,9.3,13.3,2.3
202201,9.4,10.6,1.3
283563,12.4,10,1.5
264947,11.7,12.6,1.4
187746,8.9,4.7,1.8
59078,4.1,15.7,2
76818,4.8,7.3,1.5
291448,12.7,8.2,2.5
7173,2.2,13.6,1.5
158070,7.8,5.9,2.7
53931,3.9,17.6,1.8
321342,13.8,8.4,2.4
234176,10.6,6.5,2.3
161246,7.9,9,2.3
152486,7.6,4.9,2.3
17795,2.6,12,1.7
224102,10.2,11.8,1.4
11553,2.4,6.6,1.5
22065,2.8,4.2,2.7
168145,8.1,18.8,2.2
30826,3.1,8.4,1.3
268890,11.9,2.6,2.7
268342,11.8,17.1,1.9
237133,10.7,8.1,2.5
49222,3.8,4.3,1.9
215889,9.9,11.3,2.1
167159,8.1,12.2,2.6
320028,13.7,17.8,1.5
211947,9.8,3.1,2.4
262538,11.6,14.6,2
147229,7.4,6.1,1.6
139017,7.1,5.6,2.4
270970,11.9,16.5,2.2
24803,2.9,4.4,2
43200,3.5,18.4,2.7
55464,4,9.7,2.1
123357,6.5,9.8,2.4
273927,12,18.1,2.4
264290,11.7,8.2,1.7
18452,2.6,16.4,1.4
126643,6.6,13.6,2.5
169788,8.2,11.7,1.5
132665,6.8,17.6,1.7
215451,9.9,8.4,1.8
205924,9.5,17.3,1.6
93682,5.4,11.1,1.9
138579,7.1,2.7,2.1
3997,2.1,10.5,1.9
323204,13.9,2.7,2.6
53603,3.9,15.4,2
33563,3.2,8.5,2
117335,6.3,5.9,1.7
64444,4.3,15.3,1.6
157742,7.8,3.8,1.4
107917,5.9,15.5,1.9
313130,13.5,8,1.7
303165,13.1,13.9,2.7
15385,2.5,14,2.2
242061,10.9,4.8,1.8
87221,5.2,4.2,2.3
134636,6.9,12.6,2.3
178657,8.5,16.5,1.9
310501,13.4,8.6,1.3
133213,6.9,3.1,2.5
323095,13.9,2,2.2
96638,5.5,12.7,2
230891,10.5,2.7,2.3
217860,10,6.3,2.7
174825,8.4,9,2.7
229468,10.4,11.3,2.5
218079,10,7.8,2.1
57326,4.1,4,2.3
41886,3.5,9.7,1.8
328022,14,16.8,1.4
55136,4,7.5,2.3
8925,2.3,7.1,2.7
183585,8.7,13.1,2.7
289586,12.6,13.9,2.3
219284,10,15.8,2.6
61706,4.2,15.1,2.3
116240,6.2,16.7,1.7
149420,7.5,2.6,1.7
322437,13.8,15.7,2.4
51084,3.8,16.7,2.1
281702,12.3,15.7,1.4
210304,9.7,10.3,1.6
118430,6.3,13.2,1.7
62035,4.2,17.3,2.2
136717,7,8.4,1.9
155004,7.7,3.6,2.1
38710,3.4,6.6,2.2
193222,9.1,5,1.9
71890,4.6,10.6,2.2
121277,6.4,14.1,1.4
190046,8.9,20,2.3
80869,4.9,16.2,1.6
93244,5.4,8.2,1.6
201872,9.4,8.4,1.4
85688,5.1,12.1,2
270751,11.9,15.1,1.3
322875,13.8,18.6,2.7
239871,10.8,8.3,1.8
109341,6,6.9,1.8
190593,9,5.6,1.5
34001,3.2,11.4,2.3
299113,13,5,2.5
289038,12.6,10.3,1.5
268671,11.8,19.3,1.8
84483,5.1,4.1,1.5
194645,9.1,14.5,1.7
5859,2.2,4.8,2.1
135841,7,2.6,1.3
99376,5.6,12.9,1.3
52070,3.9,5.2,1.7
57435,4.1,4.7,2.7
134746,6.9,13.4,1.3
29840,3,19.9,1.7
195631,9.2,3,1.3
152376,7.6,4.2,1.8
228592,10.4,5.5,1.9
230453,10.4,17.9,2
208552,9.6,16.7,1.9
9253,2.3,9.3,2.5
21080,2.7,15.8,1.7
101456,5.7,8.6,2.3
171649,8.3,6,1.6
214466,9.8,19.9,2.3
130585,6.8,3.7,2.2
269547,11.9,7,2.4
235600,10.6,16,2.2
318057,13.7,4.6,2.4
172306,8.3,10.4,1.3
102661,5.7,16.7,1.3
33125,3.2,5.6,1.7
200230,9.3,15.5,2.2
255749,11.4,5.5,2.6
134965,6.9,14.8,2.2
28198,3,8.9,2.5
86126,5.1,15,2.3
50318,3.8,11.6,2
90068,5.3,5.1,2
142302,7.2,9.4,2.4
170116,8.2,13.9,1.3
148544,7.4,14.8,2.6
287724,12.5,19.6,2.1
167050,8.1,11.5,2.2
310830,13.4,10.7,2.7
208224,9.6,14.5,2.1
315320,13.6,4.5,1.7
77256,4.8,10.2,1.8
221474,10.1,12.3,2.6
92805,5.4,5.2,2.7
220269,10.1,4.3,2.1
228154,10.4,2.6,1.6
20204,2.7,9.9,2.6
81636,5,3.2,1.8
71343,4.6,7,1.5
218627,10,11.5,1.4
278745,12.2,14,2.7
109450,6,7.6,2.2
256625,11.4,11.4,1.7
221036,10.1,9.4,2.3
1916,2,14.7,2.3
197054,9.2,12.4,2.6
121605,6.4,16.2,2.7
302179,13.1,7.4,1.6
493,2,5.2,2.5
150077,7.5,7,1.4
135622,6.9,19.2,1.9
149529,7.5,3.3,2.1
253668,11.3,9.8,1.5
102113,5.7,13,2
258158,11.5,3.5,2
152705,7.6,6.4,1.7
10129,2.3,15.2,1.6
56450,4,16.3,1.7
236805,10.7,5.9,2.7
153143,7.6,9.3,2
50099,3.8,10.1,2.6
108574,5.9,19.9,1.6
198587,9.3,4.6,1.4
62254,4.2,18.8,1.6
242170,10.9,5.5,2.2
78241,4.8,16.8,1.3
302836,13.1,11.8,1.3
87002,5.2,2.8,1.4
252354,11.2,19.1,2.1
60830,4.2,9.3,1.7
92477,5.4,3.1,1.4
28526,3,11.1,2.3
187637,8.9,4,1.4
224540,10.2,14.7,1.7
178110,8.5,12.8,2.7
136060,7,4,2.2
210195,9.7,9.5,2.7
211509,9.7,18.3,2.1
222350,10.1,18.2,1.7
207895,9.6,12.3,2.2
311268,13.4,13.7,1.5
67291,4.4,16.2,1.3
233191,10.5,18.1,1.3
75723,4.7,18.1,1.5
38162,3.4,3,1.4
198368,9.3,3.1,2
145587,7.3,13.2,2.4
148872,7.4,17,2.4
216656,9.9,16.4,2.3
253778,11.3,10.5,2
111312,6,20,2.4
216765,9.9,17.1,2.7
132556,6.8,16.9,1.3
278088,12.2,9.7,1.5
274693,12.1,5.1,2.5
82512,5,9,2.4
200668,9.3,18.4,2.5
189279,8.9,14.9,2.1
175482,8.4,13.4,2.4
286301,12.5,10.1,2.3
85469,5.1,10.6,2.6
100909,5.7,5,1.6
38053,3.4,2.2,2.5
309954,13.4,4.9,2.1
210742,9.7,13.2,1.9
154566,7.6,18.8,1.8
208881,9.6,18.9,1.8
177234,8.5,7,2.1
211399,9.7,17.6,1.6
176796,8.5,4.1,1.8
236476,10.7,3.8,1.3
168473,8.2,2.9,2
326599,14,7.3,1.6
69809,4.5,14.8,2.6
33344,3.2,7,2.6
35096,3.2,18.7,2.3
19218,2.7,3.4,1.5
129271,6.7,13.1,1.3
145258,7.3,11,2.5
115035,6.2,8.6,2.7
251807,11.2,15.5,1.4
205705,9.5,15.8,2.2
254216,11.3,13.4,2.3
306778,13.2,19.9,2.5
319700,13.7,15.6,1.7
62363,4.2,19.5,2
45718,3.6,17.1,2.5
228701,10.4,6.2,2.3
29731,3,19.2,1.3
169568,8.2,10.2,2
171321,8.3,3.8,1.8
284220,12.4,14.3,2.7
155880,7.7,9.4,2.7
124014,6.5,14.2,2.1
219941,10.1,2.1,2.3
243703,10.9,15.7,2.5
167488,8.1,14.4,2.5
110545,6,14.9,2.2
49332,3.8,5,2.4
192017,9,15.1,1.4
84702,5.1,5.5,2.4
12319,2.4,11.7,1.6
248741,11.1,13.1,2.3
78132,4.8,16,2.4
143178,7.2,15.3,1.5
226183,10.3,7.5,2.5
113721,6.1,18,1.8
241732,10.9,2.6,1.9
124452,6.5,17.1,2.4
224650,10.2,15.4,2.2
231767,10.5,8.6,1.4
142959,7.2,13.8,2.1
5092,2.1,17.8,1.9
104851,5.8,13.2,1.3
135403,6.9,17.7,2.5
87440,5.2,5.7,1.7
64115,4.3,13.1,1.7
269985,11.9,9.9,2.7
137484,7,13.5,2.1
292105,12.7,12.6,2.2
123467,6.5,10.6,1.4
253449,11.3,8.3,2.1
125328,6.6,4.9,1.5
265385,11.7,15.5,1.7
248850,11.1,13.8,2.7
118649,6.3,14.6,2.6
68933,4.5,9,2
259910,11.5,15.2,1.7
312363,13.5,2.9,1.5
103756,5.8,5.9,1.3
219831,10,19.5,1.8
141645,7.2,5,2.7
275131,12.1,8.1,1.3
253121,11.3,6.1,2.3
53712,3.9,16.1,2.4
284439,12.4,15.8,2.1
325613,13.9,18.8,2
165517,8,19.4,1.9
290353,12.6,19,2.5
192784,9.1,2.1,1.6
50646,3.8,13.8,1.8
64991,4.3,18.9,2.3
130147,6.7,18.9,1.9
246879,11,18.8,2.1
271080,11.9,17.2,2.7
259691,11.5,13.7,2.3
101128,5.7,6.4,2.5
173401,8.3,17.7,1.3
27760,3,6,2.2
36082,3.3,7.2,1.9
44404,3.6,8.4,1.6
222021,10.1,16,1.8
159385,7.8,14.7,2.2
61597,4.2,14.4,1.9
159166,7.8,13.3,1.3
48456,3.7,17.3,1.8
16371,2.6,2.5,1.8
280716,12.3,9.1,1.8
183366,8.7,11.7,1.8
305902,13.2,14.1,1.9
229139,10.4,9.1,2.6
189936,8.9,19.3,1.8
267575,11.8,12,1.7
288929,12.6,9.5,2.6
325285,13.9,16.6,2.2
164,2,3,2.6
285644,12.5,5.7,2.6
200449,9.3,17,1.6
325723,13.9,19.5,2.5
170335,8.2,15.3,2.2
154785,7.7,2.1,2.7
263743,11.7,4.5,2.5
72657,4.6,15.7,2.4
160261,7.9,2.5,1.3
296923,12.9,8.5,2.5
186870,8.8,16.9,2.7
279073,12.2,16.2,2.5
242389,10.9,7,1.6
191908,9,14.3,2.5
79665,4.9,8.1,2.7
217970,10,7.1,1.7
24912,2.9,5.1,2.4
205267,9.5,12.9,1.9
216218,9.9,13.5,2
239761,10.8,7.6,1.3
292871,12.7,17.7,2.3
322766,13.8,17.9,2.3
253340,11.3,7.6,1.7
188951,8.9,12.7,2.3
305245,13.2,9.7,2.2
188622,8.9,10.5,2.4
4435,2.1,13.4,2.2
38820,3.4,7.3,2.7
284658,12.4,17.3,1.5
155552,7.7,7.3,1.4
278964,12.2,15.5,2.1
67510,4.4,17.6,2.2
180409,8.6,10.1,1.6
206472,9.6,2.8,2.4
8706,2.3,5.7,1.8
200996,9.4,2.5,2.3
114597,6.2,5.7,2.4
13633,2.5,2.3,2.5
157413,7.7,19.7,1.5
62473,4.3,2.1,2.5
39586,3.4,12.5,1.3
65867,4.4,6.7,1.4
48346,3.7,16.6,1.3
61159,4.2,11.5,1.6
11662,2.4,7.3,1.9
207676,9.6,10.9,1.3
90506,5.3,8,2.3
174496,8.4,6.9,1.3
228263,10.4,3.3,2
160808,7.9,6.1,2
174058,8.4,3.9,2.5
144163,7.3,3.7,2.5
40353,3.4,17.6,1.5
158289,7.8,7.4,2.1
280935,12.3,10.5,2.7
287396,12.5,17.4,2.3
87549,5.2,6.4,2.1
67072,4.4,14.7,1.9
184242,8.7,17.5,2.4
209319,9.7,3.7,2.1
132884,6.8,19,2.6
66196,4.4,8.9,1.3
312034,13.4,18.8,1.6
24255,2.8,18.8,2.7
33235,3.2,6.3,2.2
46704,3.7,5.6,2.1
53384,3.9,13.9,2.6
203515,9.4,19.3,2.2
186761,8.8,16.2,2.3
14947,2.5,11.1,1.9
306231,13.2,16.3,1.8
239323,10.8,4.6,2.5
241951,10.9,4.1,1.3
19109,2.7,2.6,2.6
284001,12.4,12.9,1.8
307654,13.3,7.7,1.6
323423,13.9,4.2,2
283344,12.4,8.5,2.1
258596,11.5,6.4,2.3
165188,8,17.2,2
56997,4,19.9,2.4
126095,6.6,10,1.7
43638,3.6,3.3,1.5
8158,2.3,2,2.5
309406,13.3,19.4,1.3
96529,5.5,12,1.6
94667,5.4,17.7,1.4
105508,5.8,17.5,2.5
151172,7.5,14.3,1.4
211837,9.8,2.4,1.9
6735,2.2,10.6,2.7
278197,12.2,10.4,1.9
182819,8.7,8,2.6
281264,12.3,12.7,2.6
110655,6,15.6,2.7
144492,7.3,5.9,2.4
16042,2.5,18.4,1.9
56778,4,18.5,1.5
217313,10,2.7,2
104742,5.8,12.4,2.4
295499,12.8,17.1,2.6
37615,3.3,17.4,2.2
325066,13.9,15.2,1.3
175044,8.4,10.5,2.1
232753,10.5,15.1,2.5
328351,14,19,1.3
92586,5.4,3.8,1.8
132337,6.8,15.4,1.9
150405,7.5,9.1,2.7
252135,11.2,17.6,2.7
268999,11.9,3.4,1.6
31921,3.1,15.7,1.3
57216,4.1,3.3,1.8
113940,6.1,19.4,2.7
16809,2.6,5.4,2.1
168254,8.1,19.5,2.6
106384,5.9,5.3,1.6
56231,4,14.8,2.3
67400,4.4,16.9,1.7
298675,13,2.1,2.2
221255,10.1,10.9,1.7
151610,7.5,17.2,1.7
300974,13,17.4,2.6
32468,3.1,19.3,2
245017,11,6.4,1.9
241623,10.8,20,1.5
183695,8.7,13.9,1.7
59735,4.2,2,1.7
195083,9.1,17.4,2
96091,5.5,9.1,1.3
43747,3.6,4,1.9
68057,4.5,3.2,1.4
294185,12.8,8.4,1.7
22175,2.8,5,1.7
77913,4.8,14.6,1.5
15604,2.5,15.5,1.6
142849,7.2,13.1,1.6
3340,2.1,6.1,2.2
294952,12.8,13.5,1.9
64006,4.3,12.4,1.3
29621,3,18.4,2.3
97514,5.5,18.5,2.6
147996,7.4,11.2,1.8
32359,3.1,18.6,1.6
327037,14,10.2,1.9
105180,5.8,15.3,2.7
95105,5.5,2.5,1.7
18999,2.6,20,2.1
95434,5.5,4.7,1.6
12757,2.4,14.6,1.9
162889,7.9,20,1.6
250931,11.2,9.6,2.3
206800,9.6,5,2.2
27650,3,5.3,1.7
24036,2.8,17.4,1.8
255530,11.4,4.1,1.7
298565,12.9,19.5,1.7
173292,8.3,16.9,2.4
34658,3.2,15.8,2
271189,11.9,18,1.6
107479,5.9,12.6,1.6
94010,5.4,13.3,1.7
245674,11,10.8,1.6
2902,2.1,3.2,1.9
13305,2.4,18.2,2.7
218736,10,12.2,1.8
197711,9.2,16.8,2.3
169678,8.2,10.9,2.5
239652,10.8,6.8,2.4
232862,10.5,15.9,1.4
256953,11.4,13.6,1.5
92696,5.4,4.5,2.3
226730,10.3,11.2,1.7
181505,8.6,17.4,1.7
125219,6.6,4.1,2.6
18890,2.6,19.3,1.7
256077,11.4,7.7,2.4
106932,5.9,8.9,2.4
199025,9.3,7.5,1.7
243594,10.9,15,2.1
32578,3.1,20,2.5
41776,3.5,9,1.3
179205,8.6,2,2.7
155990,7.7,10.2,1.7
292762,12.7,17,1.9
262100,11.6,11.7,1.7
241185,10.8,17,2.7
14619,2.5,8.9,2.1
22394,2.8,6.4,2.6
27321,3,3.1,1.8
261772,11.6,9.5,1.9
310611,13.4,9.3,1.8
224759,10.2,16.1,2.6
42871,3.5,16.3,1.3
237243,10.7,8.9,1.5
35534,3.3,3.5,2.6
37396,3.3,16,1.3
209428,9.7,4.4,2.5
104194,5.8,8.8,1.6
214137,9.8,17.7,2.4
247098,11.1,2.2,1.5
190265,9,3.4,1.7
243046,10.9,11.4,1.3
75504,4.7,16.6,2.1
241404,10.8,18.5,2.1
318714,13.7,9,2.1
285972,12.5,7.9,2.4
26664,2.9,16.8,2.1
115364,6.2,10.8,2.6
116568,6.2,18.9,1.5
225197,10.2,19.1,1.4
195521,9.2,2.2,2.3
259253,11.5,10.8,2
115911,6.2,14.5,1.8
66305,4.4,9.6,1.7
26774,2.9,17.5,2.6
254106,11.3,12.7,1.8
66086,4.4,8.1,2.3
121824,6.4,17.7,2.1
179862,8.6,6.4,2.4
73204,4.6,19.4,1.6
209538,9.7,5.2,1.5
155661,7.7,8,1.8
49442,3.8,5.8,1.4
257172,11.4,15,2.4
32030,3.1,16.4,1.7
94120,5.4,14,2.2
76270,4.8,3.6,2.2
171759,8.3,6.7,2.1
28636,3,11.9,1.3
129490,6.7,14.5,2.2
32797,3.2,3.4,1.9
36191,3.3,7.9,2.3
258049,11.5,2.8,1.6
93572,5.4,10.4,1.4
197821,9.2,17.6,1.3
317729,13.7,2.4,2.6
139126,7.1,6.4,1.3
227606,10.3,17,2.3
250164,11.2,4.5,2.1
139236,7.1,7.1,1.8
214904,9.9,4.7,2.6
35315,3.3,2.1,1.7
307326,13.3,5.5,1.8
60502,4.2,7.1,1.9
86016,5.1,14.3,1.8
261662,11.6,8.8,1.4
156537,7.7,13.8,2.4
253230,11.3,6.8,2.7
124890,6.5,20,2.7
87878,5.2,8.6,2
10786,2.3,19.6,1.3
220707,10.1,7.2,2.4
137374,7,12.8,1.6
146682,7.4,2.4,2.4
199792,9.3,12.6,1.9
17685,2.6,11.2,2.7
99814,5.6,15.8,1.6
254654,11.3,16.3,2.6
228920,10.4,7.7,1.7
40791,3.5,2.4,1.8
42324,3.5,12.6,2.1
29293,3,16.2,2.5
2135,2,16.2,1.7
134855,6.9,14.1,1.7
215013,9.9,5.5,1.5
237462,10.7,10.3,2.4
172087,8.3,8.9,1.9
34549,3.2,15.1,1.6
207129,9.6,7.2,2.1
41229,3.5,5.3,2.1
43857,3.6,4.7,2.4
31483,3.1,12.7,2.5
46594,3.7,4.9,1.6
54041,3.9,18.3,2.3
63787,4.3,10.9,1.9
100471,5.7,2.1,1.3
100142,5.6,18,1.4
69152,4.5,10.5,1.4
80650,4.9,14.7,2.2
293528,12.8,4,2
231548,10.5,7.1,2
181286,8.6,15.9,2.3
59844,4.2,2.7,2.1
67729,4.4,19.1,1.6
23598,2.8,14.5,1.5
301632,13.1,3.7,2.4
232643,10.5,14.4,2
182052,8.7,2.9,2.4
99485,5.6,13.6,1.7
53274,3.9,13.2,2.1
204063,9.5,4.9,1.5
324518,13.9,11.5,2
54698,4,4.6,2
83169,5,13.4,2.1
125438,6.6,5.6,2
22832,2.8,9.4,1.4
224978,10.2,17.6,2
128066,6.7,5,2.3
322985,13.8,19.4,1.7
127738,6.7,2.8,2.5
203406,9.4,18.6,1.8
50537,3.8,13.1,1.4
120072,6.4,6,2.4
51960,3.9,4.4,2.7
250274,11.2,5.2,2.6
286629,12.5,12.3,2.1
111640,6.1,4.1,2.2
225526,10.3,3.2,1.3
94229,5.4,14.7,2.6
171430,8.3,4.5,2.2
274474,12.1,3.7,1.6
195193,9.1,18.1,2.5
106165,5.9,3.8,2.2
95872,5.5,7.6,1.9
147120,7.4,5.3,2.7
134527,6.9,11.9,1.9
113830,6.1,18.7,2.2
182381,8.7,5.1,2.3
244141,10.9,18.7,1.3
135512,6.9,18.5,1.4
137155,7,11.3,2.2
40681,3.4,19.8,1.3
6297,2.2,7.7,2.4
93024,5.4,6.7,2.1
100580,5.7,2.8,1.7
213809,9.8,15.5,2.6
314553,13.5,17.5,1.5
308202,13.3,11.3,2.4
148763,7.4,16.3,2
77146,4.8,9.5,1.3
252026,11.2,16.9,2.3
250602,11.2,7.4,2.4
243375,10.9,13.5,2.7
244470,11,2.7,2.7
33454,3.2,7.8,1.6
223992,10.2,11,2.4
150186,7.5,7.7,1.8
67838,4.4,19.8,2
31373,3.1,12,2
270532,11.9,13.6,1.9
56012,4,13.4,1.4
52946,3.9,11,2.3
217641,10,4.9,1.8
293857,12.8,6.2,1.9
166283,8.1,6.4,2
231439,10.5,6.4,1.6
50208,3.8,10.9,1.5
313349,13.5,9.4,2.6
175701,8.4,14.9,1.8
222897,10.2,3.7,2.4
10567,2.3,18.1,1.9
265604,11.7,16.9,2.6
246770,11,18.1,1.7
38491,3.4,5.2,1.3
169459,8.2,9.5,1.6
103099,5.7,19.6,1.6
177781,8.5,10.7,1.3
126205,6.6,10.7,2.2
132446,6.8,16.1,2.3
58421,4.1,11.3,2.3
82074,5,6.1,2.1
5420,2.1,20,1.7
304150,13.2,2.4,2.2
213918,9.8,16.3,1.5
306669,13.2,19.2,2.1
52836,3.9,10.3,1.8
303384,13.1,15.4,2.1
260567,11.5,19.6,1.4
187965,8.9,6.1,2.7
142192,7.2,8.7,1.9
83060,5,12.7,1.7
247865,11.1,7.3,1.7
72985,4.6,17.9,2.2
19328,2.7,4.1,2
253011,11.3,5.4,1.8
219722,10,18.8,1.4
235052,10.6,12.4,1.4
209647,9.7,5.9,1.9
133541,6.9,5.3,2.3
123138,6.5,8.4,1.5
267904,11.8,14.2,1.6
100361,5.6,19.4,2.3
267137,11.8,9.1,1.4
259144,11.5,10.1,1.6
280826,12.3,9.8,2.3
162998,8,2.6,2
207786,9.6,11.6,1.8
312911,13.5,6.5,2.3
143835,7.2,19.6,2.7
18233,2.6,14.9,2
285753,12.5,6.5,1.5
207019,9.6,6.5,1.6
112954,6.1,12.9,1.6
327584,14,13.8,2.6
71452,4.6,7.7,1.9
213370,9.8,12.6,2.2
197930,9.2,18.3,1.7
121715,6.4,17,1.7
46813,3.7,6.3,2.5
6516,2.2,9.2,1.8
134308,6.9,10.4,2.5
59625,4.1,19.3,2.7
238119,10.7,14.7,2.1
116787,6.3,2.2,2.4
277978,12.2,8.9,2.5
240966,10.8,15.6,1.8
185775,8.8,9.6,2.7
56669,4,17.7,2.6
314991,13.6,2.3,1.8
85907,5.1,13.6,1.4
304260,13.2,3.1,2.7
71123,4.6,5.5,2
117554,6.3,7.3,2.6
27212,3,2.4,1.4
209100,9.7,2.2,2.7
58311,4.1,10.6,1.8
12429,2.4,12.4,2.1
237681,10.7,11.8,1.8
110326,6,13.5,1.3
216108,9.9,12.8,1.5
120839,6.4,11.1,2.6
205596,9.5,15.1,1.8
5749,2.2,4.1,1.6
300317,13,13.1,1.4
262976,11.6,17.5,2.3
245127,11,7.1,2.4
266699,11.8,6.1,2.6
120729,6.4,10.4,2.1
201982,9.4,9.1,1.9
187308,8.8,19.9,1.5
171211,8.3,3.1,1.3
88206,5.2,10.8,1.8
79993,4.9,10.3,2.5
146572,7.3,19.8,1.9
72438,4.6,14.3,1.5
264400,11.7,8.9,2.2
323861,13.9,7.1,2.3
7611,2.2,16.5,1.8
173949,8.4,3.2,2.1
26993,2.9,19,2
263962,11.7,6,1.9
325394,13.9,17.3,2.6
19875,2.7,7.7,2.7
309625,13.4,2.7,2.2
4763,2.1,15.6,2
224869,10.2,16.9,1.6
257720,11.4,18.7,1.7
173511,8.3,18.4,1.8
291010,12.7,5.3,2.2
295937,12.9,2,1.4
205158,9.5,12.2,1.5
45061,3.6,12.8,1.3
69371,4.5,11.9,2.3
58859,4.1,14.2,2.6
11115,2.4,3.6,2.7
33892,3.2,10.7,1.9
201763,9.4,7.6,2.5
309844,13.4,4.2,1.6
112516,6.1,10,1.3
131461,6.8,9.6,1.3
323314,13.9,3.5,1.6
311487,13.4,15.1,2.4
221583,10.1,13.1,1.5
324956,13.9,14.4,2.3
252683,11.3,3.2,2
106713,5.9,7.5,1.5
216984,9.9,18.6,2.1
79117,4.9,4.5,1.9
94558,5.4,16.9,2.5
223445,10.2,7.4,1.7
170445,8.2,16,2.7
131680,6.8,11,2.2
197164,9.2,13.2,1.6
247427,11.1,4.4,1.4
190374,9,4.1,2.1
179971,8.6,7.2,1.3
190484,9,4.8,2.6
164860,8,15,2.2
24365,2.8,19.6,1.7
235819,10.6,17.5,1.6
327365,14,12.4,1.7
112735,6.1,11.4,2.2
318933,13.7,10.5,1.5
109779,6,9.8,2.1
291557,12.7,9,1.4
147558,7.4,8.3,1.5
131789,6.8,11.7,2.6
69262,4.5,11.2,1.9
41119,3.5,4.6,1.6
97843,5.6,2.6,2.5
238228,10.7,15.4,2.5
257392,11.4,16.5,1.9
227059,10.3,13.4,1.6
2683,2,19.8,2.5
278416,12.2,11.9,1.3
303493,13.1,16.1,2.5
253887,11.3,11.2,2.4
11772,2.4,8,2.4
118977,6.3,16.8,2.4
231877,10.5,9.3,1.9
239542,10.8,6.1,1.9
71562,4.6,8.4,2.4
86892,5.2,2,2.4
220488,10.1,5.8,1.5
154128,7.6,15.9,1.5
204391,9.5,7.1,1.3
75832,4.7,18.8,1.9
56888,4,19.2,2
273270,12,13.7,2.7
252792,11.3,3.9,2.4
307764,13.3,8.4,2.1
34111,3.2,12.2,1.3
58968,4.1,15,1.5
31811,3.1,14.9,2.3
157851,7.8,4.5,1.8
62801,4.3,4.3,2.3
294404,12.8,9.8,2.6
31702,3.1,14.2,1.9
12210,2.4,10.9,2.7
181943,8.7,2.2,2
254544,11.3,15.6,2.1
99157,5.6,11.4,1.9
57764,4.1,6.9,2.6
107698,5.9,14,2.5
67619,4.4,18.3,2.6
164312,8,11.4,1.4
299222,13,5.8,1.4
206143,9.5,18.7,2.5
32249,3.1,17.8,2.6
123248,6.5,9.1,2
16152,2.5,19.1,2.4
161465,7.9,10.5,1.7
138688,7.1,3.4,2.5
327803,14,15.3,2
266480,11.8,4.7,1.7
156209,7.7,11.6,2.6
293966,12.8,6.9,2.3
44842,3.6,11.3,1.9
122700,6.5,5.4,2.7
304917,13.2,7.5,2.4
302946,13.1,12.5,1.8
234286,10.6,7.3,1.3
202639,9.4,13.5,1.6
109231,6,6.2,1.3
308421,13.3,12.8,1.8
40572,3.4,19,2.4
240090,10.8,9.7,2.7
211180,9.7,16.1,2.2
274803,12.1,5.9,1.5
125986,6.6,9.3,1.3
247317,11.1,3.6,2.4
275898,12.1,13.2,1.5
102004,5.7,12.3,1.6
180300,8.6,9.3,2.7
321561,13.8,9.9,1.8
179095,8.5,19.4,2.2
104523,5.8,11,1.5
202749,9.4,14.2,2.1
114378,6.2,4.3,1.5
249288,11.1,16.8,1.5
132118,6.8,13.9,2.5
158727,7.8,10.3,2.4
227497,10.3,16.3,1.9
319590,13.7,14.8,2.7
103865,5.8,6.6,1.7
276774,12.1,19,2.1
242718,10.9,9.2,1.5
313677,13.5,11.6,2.4
8596,2.3,5,1.3
113392,6.1,15.8,1.9
217203,10,2,1.5
90177,5.3,5.8,2.4
73971,4.7,6.4,1.8
233519,10.6,2.1,2.6
204720,9.5,9.2,2.7
193441,9.1,6.5,1.3
215999,9.9,12,2.6
13086,2.4,16.8,1.8
110983,6,17.8,2.5
146353,7.3,18.3,2.5
77365,4.8,10.9,2.2
234833,10.6,10.9,2
281921,12.3,17.1,2.3
90287,5.3,6.6,1.4
240199,10.8,10.5,1.6
44952,3.6,12,2.4
276336,12.1,16.1,1.8
45280,3.6,14.2,2.2
192893,9.1,2.8,2
115145,6.2,9.4,1.7
265276,11.7,14.8,1.3
162122,7.9,14.9,1.4
157523,7.8,2.3,2
288162,12.6,4.4,2.4
112078,6.1,7,2.5
145477,7.3,12.5,1.9
317291,13.6,17.6,2.3
11443,2.4,5.8,2.5
319919,13.7,17,2.6
61378,4.2,12.9,2.5
218408,10,10,2
192127,9,15.8,1.9
220926,10.1,8.7,1.8
114487,6.2,5,1.9
203296,9.4,17.9,1.3
266042,11.7,19.9,1.4
4982,2.1,17.1,1.4
25241,2.9,7.3,2.3
320576,13.8,3.3,2.3
212932,9.8,9.7,1.9
74299,4.7,8.6,1.6
128504,6.7,7.9,2.6
39258,3.4,10.3,1.5
86564,5.1,17.9,2.6
83279,5,14.1,2.6
104961,5.8,13.9,1.8
49770,3.8,7.9,2.7
110764,6,16.4,1.6
39148,3.4,9.5,2.5
290133,12.6,17.6,1.5
29950,3.1,2.5,2.2
306012,13.2,14.8,2.4
126424,6.6,12.2,1.6
12976,2.4,16.1,1.3
108793,6,3.2,2.5
241513,10.8,19.2,2.5
260677,11.6,2.2,1.9
177343,8.5,7.7,2.5
225745,10.3,4.6,2.2
293638,12.8,4.7,2.5
16261,2.5,19.9,1.3
96967,5.5,14.9,1.9
12648,2.4,13.9,1.5
63458,4.3,8.7,2
236038,10.6,18.9,2.5
236695,10.7,5.2,2.2
288819,12.6,8.8,2.1
189498,8.9,16.4,1.5
21737,2.8,2.1,1.4
303931,13.1,19.1,1.3
262648,11.6,15.3,2.5
91820,5.3,16.8,1.7
176686,8.5,3.4,1.3
323533,13.9,4.9,2.5
235271,10.6,13.8,2.3
277212,12.2,3.8,2.4
139345,7.1,7.8,2.2
152048,7.6,2,2
183476,8.7,12.4,2.3
87111,5.2,3.5,1.8
246989,11,19.5,2.6
162341,7.9,16.3,2.3
211290,9.7,16.8,2.7
97624,5.5,19.3,1.6
45609,3.6,16.4,2.1
153690,7.6,12.9,2.7
114706,6.2,6.5,1.3
258815,11.5,7.9,1.7
256406,11.4,9.9,2.3
219065,10,14.4,1.7
43309,3.5,19.2,1.6
5640,2.2,3.3,2.7
183257,8.7,11,1.4
96310,5.5,10.5,2.2
309735,13.4,3.4,2.7
322218,13.8,14.3,1.5
92039,5.3,18.2,2.6
263195,11.6,19,1.7
294623,12.8,11.3,2
195302,9.1,18.9,1.4
289914,12.6,16.1,2.1
310939,13.4,11.5,1.6
178986,8.5,18.7,1.8
238995,10.8,2.4,2.7
187856,8.9,5.4,2.3
6844,2.2,11.4,1.6
144711,7.3,7.4,1.8
210852,9.7,13.9,2.4
167926,8.1,17.4,1.3
117225,6.3,5.1,2.7
308640,13.3,14.2,2.7
273051,12,12.3,1.8
279950,12.3,4,1.7
117444,6.3,6.6,2.1
194098,9.1,10.8,2.5
287067,12.5,15.2,2.4
306997,13.3,3.3,1.9
218955,10,13.6,2.7
66415,4.4,10.3,2.2
214247,9.8,18.5,1.4
22284,2.8,5.7,2.1
129818,6.7,16.7,2
218298,10,9.3,1.5
307216,13.3,4.8,1.3
265933,11.7,19.1,2.5
155771,7.7,8.7,2.3
249507,11.1,18.2,2.4
132994,6.8,19.8,1.6
319152,13.7,11.9,2.4
324628,13.9,12.2,2.5
285096,12.5,2.1,1.8
121934,6.4,18.4,2.6
147667,7.4,9,1.9
79555,4.9,7.4,2.2
257939,11.5,2,2.6
289805,12.6,15.4,1.7
301522,13.1,3,1.9
182271,8.7,4.4,1.8
195850,9.2,4.4,2.2
49003,3.8,2.8,2.5
296375,12.9,4.9,1.7
145915,7.3,15.4,2.2
65977,4.4,7.4,1.9
296156,12.9,3.4,2.3
251478,11.2,13.3,1.5
289695,12.6,14.6,2.7
91491,5.3,14.6,1.8
220598,10.1,6.5,2
217532,10,4.2,1.4
39477,3.4,11.7,2.4
130256,6.7,19.6,2.3
88316,5.2,11.5,2.3
235491,10.6,15.3,1.8
91053,5.3,11.7,1.5
294733,12.8,12,2.5
271846,12,4.3,1.3
122810,6.5,6.2,1.7
160042,7.8,19.1,1.9
227825,10.3,18.5,1.7
275569,12.1,11,1.6
199573,9.3,11.1,2.5
186980,8.8,17.7,1.7
103318,5.8,2.9,2.5
148106,7.4,11.9,2.3
234395,10.6,8,1.7
290572,12.7,2.4,1.9
236367,10.7,3,2.4
4873,2.1,16.3,2.5
220817,10.1,8,1.4
141535,7.2,4.3,2.2
141207,7.2,2.1,2.4
37067,3.3,13.8,1.4
267247,11.8,9.8,1.9
102551,5.7,15.9,2.3
79446,4.9,6.7,1.8
108903,6,4,1.5
118211,6.3,11.7,2.3
178000,8.5,12.1,2.2
183804,8.7,14.6,2.1
124781,6.5,19.3,2.3
125876,6.6,8.5,2.3
165626,8.1,2,2.3
215561,9.9,9.1,2.3
313020,13.5,7.2,2.7
237024,10.7,7.4,2.1
126971,6.6,15.8,2.3
274146,12,19.6,1.8
43966,3.6,5.5,1.3
18342,2.6,15.6,2.4
25460,2.9,8.8,1.7
53055,3.9,11.7,2.7
102442,5.7,15.2,1.9
96748,5.5,13.4,2.5
3121,2.1,4.7,1.3
174934,8.4,9.8,1.6
30278,3.1,4.7,2
48237,3.7,15.8,2.4
206910,9.6,5.7,2.7
283454,12.4,9.2,2.6
320466,13.8,2.6,1.8
185556,8.8,8.2,1.8
327475,14,13.1,2.2
180848,8.6,13,2
165845,8.1,3.5,1.7
104632,5.8,11.7,1.9
137593,7,14.2,2.5
158618,7.8,9.6,2
21846,2.8,2.8,1.8
291995,12.7,11.9,1.7
19437,2.7,4.8,2.4
140440,7.1,15.1,2.2
271956,12,5,1.8
124343,6.5,16.4,2
200777,9.3,19.2,1.4
269109,11.9,4.1,2.1
291229,12.7,6.8,1.6
306121,13.2,15.6,1.3
61816,4.2,15.9,1.3
83498,5,15.6,2
295171,12.8,15,1.3
194207,9.1,11.6,1.4
162232,7.9,15.6,1.9
200558,9.3,17.7,2
269437,11.9,6.3,1.9
172525,8.3,11.8,2.2
65210,4.4,2.3,1.7
147339,7.4,6.8,2.1
136607,7,7.7,1.4
317948,13.7,3.9,2
202968,9.4,15.7,1.5
228373,10.4,4,2.5
235929,10.6,18.2,2.1
110107,6,12,1.9
166502,8.1,7.9,1.4
181614,8.6,18.1,2.1
51194,3.8,17.4,2.6
183914,8.7,15.3,2.6
227716,10.3,17.8,1.3
136279,7,5.5,1.6
276226,12.1,15.4,1.3
240309,10.8,11.2,2.1
114049,6.2,2.1,1.6
147448,7.4,7.5,2.5
121496,6.4,15.5,2.3
255201,11.3,20,1.8
241075,10.8,16.3,2.2
137922,7,16.4,2.4
226949,10.3,12.6,2.6
311377,13.4,14.4,1.9
257830,11.4,19.4,2.2
232096,10.5,10.8,1.3
34768,3.2,16.5,2.5
122591,6.5,4.7,2.3
193550,9.1,7.2,1.7
149091,7.4,18.5,1.8
14290,2.5,6.7,2.2
73095,4.6,18.6,2.7
275350,12.1,9.5,2.2
4106,2.1,11.2,2.3
284877,12.4,18.7,2.4
23817,2.8,15.9,2.4
219174,10,15.1,2.1
161137,7.9,8.3,1.9
69590,4.5,13.4,1.7
186104,8.8,11.8,2.6
39367,3.4,11,1.9
219612,10,18,2.4
196178,9.2,6.6,2
16590,2.6,3.9,2.7
16700,2.6,4.7,1.7
49989,3.8,9.4,2.1
5201,2.1,18.5,2.3
140112,7.1,12.9,2.4
274255,12.1,2.2,2.2
202091,9.4,9.8,2.3
167597,8.1,15.2,1.4
284987,12.4,19.5,1.4
31154,3.1,10.5,2.6
299441,13,7.2,2.3
34220,3.2,12.9,1.7
166612,8.1,8.6,1.9
47361,3.7,10,1.8
182928,8.7,8.8,1.5
1478,2,11.8,2
252573,11.3,2.5,1.5
279840,12.3,3.2,2.7
302289,13.1,8.1,2.1
324190,13.9,9.3,2.2
162779,7.9,19.2,2.6
87768,5.2,7.9,1.5
32140,3.1,17.1,2.2
163655,8,7,1.7
191689,9,12.9,1.6
251588,11.2,14,2
24474,2.9,2.2,2.1
216327,9.9,14.2,2.4
166393,8.1,7.1,2.5
55026,4,6.8,1.8
309078,13.3,17.2,1.5
193331,9.1,5.7,2.3
142521,7.2,10.9,1.8
310282,13.4,7.1,1.9
215232,9.9,6.9,2.4
146901,7.4,3.9,1.8
277431,12.2,5.3,1.8
172963,8.3,14.7,2.5
180957,8.6,13.7,2.4
223335,10.2,6.6,2.7
115583,6.2,12.3,2
76489,4.8,5.1,1.6
188294,8.9,8.3,2.6
285863,12.5,7.2,2
129928,6.7,17.4,2.5
36410,3.3,9.4,1.7
143725,7.2,18.9,2.2
96200,5.5,9.8,1.7
127190,6.6,17.3,1.7
275022,12.1,7.3,2.4
128723,6.7,9.4,2
122919,6.5,6.9,2.1
114268,6.2,3.5,2.5
46047,3.6,19.3,2.4
83826,5,17.8,1.8
26883,2.9,18.3,1.5
137265,7,12,2.7
82841,5,11.2,2.3
95324,5.5,3.9,2.6
135731,6.9,19.9,2.3
37943,3.3,19.6,2
159275,7.8,14,1.7
232534,10.5,13.7,1.6
78789,4.9,2.3,2.1
258487,11.5,5.7,1.9
22941,2.8,10.1,1.8
124124,6.5,14.9,2.6
1259,2,10.3,2.6
70466,4.5,19.2,2.3
712,2,6.7,1.9
61268,4.2,12.2,2
47032,3.7,7.8,1.9
86454,5.1,17.2,2.1
55902,4,12.6,2.4
45499,3.6,15.7,1.6
195959,9.2,5.1,2.6
297032,12.9,9.3,1.4
309516,13.4,2,1.8
70576,4.5,20,1.3
155223,7.7,5.1,1.5
118320,6.3,12.4,2.7
168911,8.2,5.8,2.3
85578,5.1,11.4,1.5
20642,2.7,12.9,1.4
140550,7.1,15.8,2.7
55683,4,11.2,1.5
6954,2.2,12.1,2.1
313787,13.5,12.4,1.4
138031,7,17.2,1.3
316196,13.6,10.3,2.3
251369,11.2,12.5,2.6
2026,2,15.5,1.3
223226,10.2,5.9,2.3
232205,10.5,11.5,1.7
210523,9.7,11.7,2.5
180519,8.6,10.8,2.1
69700,4.5,14.1,2.2
254435,11.3,14.9,1.7
72766,4.6,16.5,1.3
117006,6.3,3.7,1.8
293200,12.7,19.9,2.2
282249,12.3,19.3,2.1
128176,6.7,5.8,1.3
100799,5.7,4.2,2.6
199244,9.3,8.9,2.6
300208,13,12.3,2.5
299879,13,10.1,2.6
193879,9.1,9.4,1.6
105399,5.8,16.8,2.1
281154,12.3,12,2.1
143068,7.2,14.5,2.5
297908,12.9,15.1,2
9144,2.3,8.6,2.1
172854,8.3,14,2.1
235381,10.6,14.6,1.3
57983,4.1,8.4,2
106603,5.9,6.7,2.5
60611,4.2,7.8,2.3
101894,5.7,11.5,2.6
128942,6.7,10.9,1.4
178876,8.5,18,1.3
13414,2.4,19,1.6
180738,8.6,12.3,1.5
88097,5.2,10.1,1.4
77584,4.8,12.4,1.6
78460,4.8,18.2,2.2
50427,3.8,12.3,2.4
314334,13.5,16,2.1
308092,13.3,10.6,1.9
269218,11.9,4.8,2.5
238885,10.7,19.8,2.2
56340,4,15.5,2.7
114159,6.2,2.8,2.1
60940,4.2,10,2.2
602,2,6,1.4
100033,5.6,17.2,2.5
230234,10.4,16.4,2.6
204939,9.5,10.7,2.1
176358,8.4,19.3,1.5
142083,7.2,8,1.5
92367,5.4,2.3,2.4
161575,7.9,11.2,2.2
251040,11.2,10.3,2.7
251259,11.2,11.8,2.1
187527,8.9,3.2,2.4
246331,11,15.2,1.3
210633,9.7,12.5,1.5
39696,3.4,13.2,1.8
162451,7.9,17.1,1.3
110217,6,12.7,2.4
29183,3,15.5,2
48784,3.7,19.5,1.6
64553,4.3,16,2
220379,10.1,5,2.6
138469,7.1,2,1.6
227387,10.3,15.6,1.4
82622,5,9.8,1.4
2573,2,19.1,2
172635,8.3,12.5,2.7
89739,5.3,2.9,2.1
311706,13.4,16.6,1.8
299332,13,6.5,1.9
123686,6.5,12,2.3
6406,2.2,8.5,1.3
220050,10.1,2.8,2.7
276664,12.1,18.3,1.6
319043,13.7,11.2,2
17028,2.6,6.9,1.5
145696,7.3,14,1.3
189608,8.9,17.1,2
225854,10.3,5.3,2.6
235710,10.6,16.7,2.7
212166,9.8,4.6,1.8
238666,10.7,18.4,1.3
117773,6.3,8.8,2
189170,8.9,14.2,1.7
36958,3.3,13,2.5
17247,2.6,8.3,2.4
321890,13.8,12.1,1.7
91382,5.3,13.9,1.4
194864,9.1,15.9,2.6
316743,13.6,14,1.5
60063,4.2,4.2,1.5
62582,4.3,2.9,1.4
108684,6,2.5,2.1
306888,13.3,2.6,1.5
123029,6.5,7.6,2.6
87987,5.2,9.3,2.4
49661,3.8,7.2,2.3
125547,6.6,6.3,2.4
117992,6.3,10.3,1.4
42543,3.5,14.1,1.5
140002,7.1,12.2,1.9
28745,3,12.6,1.7
200887,9.3,19.9,1.9
3011,2.1,3.9,2.3
186542,8.8,14.8,1.4
259582,11.5,13,1.9
75613,4.7,17.3,2.5
145149,7.3,10.3,2.1
185337,8.8,6.7,2.4
18780,2.6,18.5,2.7
159604,7.8,16.2,1.6
209757,9.7,6.6,2.4
70685,4.6,2.6,1.7
276555,12.1,17.5,2.7
318824,13.7,9.7,2.6
279293,12.2,17.7,2
163217,8,4.1,1.4
89520,5.2,19.5,2.7
245784,11,11.5,2.1
76051,4.8,2.2,1.3
314882,13.5,19.7,1.4
203077,9.4,16.4,1.9
196397,9.2,8.1,1.4
55355,4,9,1.7
28088,3,8.2,2
81855,5,4.6,2.7
283125,12.4,7,2.7
300646,13,15.3,1.3
230344,10.4,17.2,1.6
237900,10.7,13.2,2.7
73752,4.7,4.9,2.4
187418,8.9,2.5,2
265823,11.7,18.4,2
128833,6.7,10.1,2.5
325175,13.9,15.9,1.7
27869,3,6.7,2.6
101566,5.7,9.4,1.3
164750,8,14.3,1.7
18561,2.6,17.1,1.8
238009,10.7,14,1.6
181395,8.6,16.6,2.7
170992,8.2,19.7,1.9
273489,12,15.2,2.1
283235,12.4,7.8,1.7
259034,11.5,9.3,2.6
100690,5.7,3.5,2.2
147010,7.4,4.6,2.2
247974,11.1,8,2.1
35425,3.3,2.8,2.2
35206,3.2,19.5,1.3
87330,5.2,4.9,2.7
169240,8.2,8,2.2
319481,13.7,14.1,2.3
233410,10.5,19.5,2.2
99047,5.6,10.7,1.4
93463,5.4,9.6,2.5
280388,12.3,6.9,2
300755,13,16,1.7
208771,9.6,18.2,1.3
81964,5,5.4,1.6
27431,3,3.8,2.3
276993,12.2,2.4,1.5
191141,9,9.2,2.3
312254,13.5,2.1,2.6
18671,2.6,17.8,2.3
191031,9,8.5,1.8
91601,5.3,15.3,2.3
272284,12,7.2,1.6
62144,4.2,18,2.6
143287,7.2,16,1.9
123905,6.5,13.5,1.7
271737,12,3.5,2.4
221693,10.1,13.8,2
66634,4.4,11.8,1.6
101018,5.7,5.7,2
43528,3.6,2.5,2.5
220160,10.1,3.6,1.7
185666,8.8,8.9,2.3
54588,4,3.9,1.5
48565,3.7,18,2.2
153909,7.6,14.4,2.1
299551,13,8,1.3
180190,8.6,8.6,2.2
9034,2.3,7.9,1.6
15714,2.5,16.2,2.1
264619,11.7,10.4,1.6
146463,7.3,19.1,1.5
120401,6.4,8.2,2.3
259472,11.5,12.3,1.4
114816,6.2,7.2,1.8
172744,8.3,13.3,1.6
233738,10.6,3.6,2
286848,12.5,13.8,1.5
104085,5.8,8,2.7
212275,9.8,5.3,2.2
320685,13.8,4,2.7
23270,2.8,12.3,1.7
192236,9,16.5,2.3
132008,6.8,13.2,2
98062,5.6,4.1,1.9
85359,5.1,9.9,2.1
250493,11.2,6.7,2
326818,14,8.7,2.5
60173,4.2,4.9,2
256734,11.4,12.1,2.1
63568,4.3,9.4,2.5
326380,14,5.8,2.2
264071,11.7,6.7,2.3
135293,6.9,17,2
239433,10.8,5.4,1.5
160589,7.9,4.6,2.6
265495,11.7,16.2,2.2
113283,6.1,15.1,1.5
22503,2.8,7.2,1.5
193660,9.1,7.9,2.2
300098,13,11.6,2
63130,4.3,6.5,2.2
138907,7.1,4.9,1.9
247208,11.1,2.9,2
11005,2.4,2.9,2.2
311815,13.4,17.3,2.2
251916,11.2,16.2,1.8
182709,8.7,7.3,2.1
59406,4.1,17.9,1.8
160151,7.8,19.8,2.3
166940,8.1,10.8,1.7
326708,14,8,2
281373,12.3,13.5,1.5
316853,13.6,14.7,2
222240,10.1,17.4,2.7
128614,6.7,8.7,1.6
307983,13.3,9.9,1.5
154676,7.6,19.5,2.3
74518,4.7,10,2.5
125000,6.6,2.7,1.7
231986,10.5,10,2.3
182490,8.7,5.8,2.7
249398,11.1,17.5,2
327146,14,10.9,2.3
316962,13.6,15.4,2.4
173839,8.4,2.5,1.6
317510,13.6,19.1,1.7
36848,3.3,12.3,2
14838,2.5,10.4,1.5
97186,5.5,16.4,1.3
188732,8.9,11.3,1.4
171868,8.3,7.4,2.5
297142,12.9,10,1.9
175372,8.4,12.7,1.9
138798,7.1,4.2,1.5
175920,8.4,16.3,2.7
233957,10.6,5.1,1.4
4325,2.1,12.7,1.7
263305,11.6,19.7,2.2
47142,3.7,8.5,2.4
154238,7.6,16.6,2
82731,5,10.5,1.8
116459,6.2,18.1,2.6
216437,9.9,15,1.4
54479,4,3.1,2.6
89192,5.2,17.4,1.4
64663,4.3,16.7,2.5
63349,4.3,8,1.6
103646,5.8,5.1,2.3
289476,12.6,13.2,1.8
152595,7.6,5.6,2.7
129161,6.7,12.3,2.3
57873,4.1,7.7,1.5
318276,13.7,6.1,1.8
130366,6.8,2.3,1.3
278854,12.2,14.8,1.6
201434,9.4,5.4,2.6
118539,6.3,13.9,2.1
288272,12.6,5.2,1.4
258268,11.5,4.2,2.5
150515,7.5,9.9,1.7
266918,11.8,7.6,2
295390,12.8,16.4,2.2
136936,7,9.9,1.3
106056,5.9,3.1,1.8
194974,9.1,16.7,1.6
297470,12.9,12.2,1.7
231001,10.5,3.5,1.3
118758,6.3,15.4,1.5
241294,10.8,17.8,1.6
313568,13.5,10.9,2
176029,8.4,17.1,1.6
175153,8.4,11.2,2.5
98719,5.6,8.5,1.6
21956,2.8,3.5,2.3
58749,4.1,13.5,2.1
29512,3,17.7,1.9
150296,7.5,8.4,2.3
2464,2,18.4,1.6
301851,13.1,5.2,1.8
209866,9.7,7.4,1.3
931,2,8.2,1.3
7830,2.2,17.9,2.7
67181,4.4,15.4,2.3
147777,7.4,9.7,2.4
41557,3.5,7.5,1.9
2245,2,16.9,2.2
238776,10.7,19.1,1.8
112407,6.1,9.2,2.4
256515,11.4,10.6,2.7
140769,7.1,17.3,2.1
140659,7.1,16.6,1.6
13524,2.4,19.7,2.1
13852,2.5,3.8,1.9
28417,3,10.4,1.9
194536,9.1,13.8,1.3
77475,4.8,11.6,2.7
277869,12.2,8.2,2.1
282687,12.4,4.1,2.4
317400,13.6,18.3,2.7
157085,7.7,17.5,1.7
70357,4.5,18.5,1.9
72000,4.6,11.3,2.7
174168,8.4,4.7,1.5
251150,11.2,11.1,1.7
110436,6,14.2,1.8
149748,7.5,4.8,1.5
208990,9.6,19.6,2.2
302727,13.1,11,2.4
52179,3.9,5.9,2.1
235162,10.6,13.1,1.9
188075,8.9,6.9,1.7
139564,7.1,9.3,1.6
290243,12.6,18.3,2
123795,6.5,12.7,2.7
57654,4.1,6.2,2.1
207567,9.6,10.1,2.4
204501,9.5,7.8,1.8
103975,5.8,7.3,2.2
264181,11.7,7.5,1.3
328241,14,18.2,2.3
322328,13.8,15,2
41448,3.5,6.8,1.5
74628,4.7,10.8,1.5
6078,2.2,6.3,1.5
198806,9.3,6,2.3
35644,3.3,4.3,1.6
130475,6.8,3,1.7
290024,12.6,16.8,2.6
178767,8.5,17.2,2.4
116349,6.2,17.4,2.1
66962,4.4,14,1.4
142630,7.2,11.6,2.2
314115,13.5,14.5,2.7
40462,3.4,18.3,1.9
152157,7.6,2.7,2.4
282468,12.4,2.7,1.5
11991,2.4,9.5,1.8
226621,10.3,10.5,1.3
321452,13.8,9.2,1.4
90944,5.3,10.9,2.6
43419,3.5,19.9,2.1
225307,10.2,19.8,1.9
299989,13,10.9,1.6
200120,9.3,14.8,1.7
296704,12.9,7.1,1.6
63020,4.3,5.8,1.7
248412,11.1,10.9,2.4
109669,6,9.1,1.6
133432,6.9,4.6,1.9
50975,3.8,16,1.7
269328,11.9,5.6,1.5
204829,9.5,10,1.6
242280,10.9,6.2,2.7
264728,11.7,11.1,2
19985,2.7,8.5,1.7
312692,13.5,5.1,1.4
159823,7.8,17.6,2.5
248960,11.1,14.6,1.7
243922,10.9,17.2,1.9
273708,12,16.7,1.5
51303,3.8,18.2,1.5
148434,7.4,14.1,2.1
202529,9.4,12.7,2.6
306450,13.2,17.7,2.7
275788,12.1,12.4,2.5
294295,12.8,9.1,2.2
189717,8.9,17.8,2.4
189827,8.9,18.6,1.4
281483,12.3,14.2,2
9691,2.3,12.3,1.3
291119,12.7,6,2.6
130804,6.8,5.2,1.6
10348,2.3,16.6,2.5
245455,11,9.3,2.2
50756,3.8,14.5,2.3
47580,3.7,11.4,2.7
198040,9.2,19,2.2
81526,5,2.5,1.3
102332,5.7,14.5,1.4
127300,6.6,18,2.2
129709,6.7,16,1.6
121386,6.4,14.8,1.8
199682,9.3,11.9,1.4
53493,3.9,14.7,1.5
60721,4.2,8.6,1.3
30169,3.1,4,1.6
102223,5.7,13.7,2.5
253559,11.3,9,2.6
75175,4.7,14.4,2.2
243156,10.9,12.1,1.8
226840,10.3,11.9,2.2
270642,11.9,14.3,2.4
272503,12,8.6,2.5
93901,5.4,12.6,1.3
98281,5.6,5.6,1.3
168583,8.2,3.6,2.5
102770,5.7,17.4,1.7
274036,12,18.9,1.3
265714,11.7,17.7,1.6
181724,8.6,18.8,2.6
85031,5.1,7.7,2.3
223664,10.2,8.8,2.6
75066,4.7,13.7,1.8
148215,7.4,12.6,2.7
121167,6.4,13.3,2.4
174606,8.4,7.6,1.8
326161,14,4.4,1.3
249069,11.1,15.3,2.1
321999,13.8,12.8,2.1
75394,4.7,15.9,1.6
170773,8.2,18.2,2.5
14728,2.5,9.6,2.5
249617,11.1,19,1.4
196835,9.2,11,1.7
282578,12.4,3.4,2
324847,13.9,13.7,1.9
305793,13.2,13.4,1.5
131242,6.8,8.1,1.9
55,2,2.3,2.2
175591,8.4,14.2,1.3
66743,4.4,12.5,2
70028,4.5,16.3,2
102989,5.7,18.8,2.6
30607,3.1,6.9,1.9
246112,11,13.7,1.9
246660,11,17.3,2.7
176577,8.5,2.6,2.4
107589,5.9,13.3,2.1
274365,12.1,2.9,2.7
180628,8.6,11.5,2.5
315210,13.6,3.7,2.7
293419,12.8,3.3,1.6
113173,6.1,14.3,2.5
177672,8.5,9.9,2.4
109998,6,11.3,1.5
204172,9.5,5.6,1.9
261553,11.6,8,2.5
245236,11,7.9,1.3
41010,3.5,3.8,2.7
270313,11.9,12.1,2.5
6625,2.2,9.9,2.2
132227,6.8,14.7,1.4
240418,10.8,11.9,2.5
256844,11.4,12.8,2.6
115692,6.2,13,2.4
244908,11,5.7,1.5
293309,12.8,2.5,2.6
78022,4.8,15.3,1.9
42105,3.5,11.1,2.7
71671,4.6,9.2,1.3
111202,6,19.3,1.9
92148,5.3,19,1.5
305026,13.2,8.3,1.3
14509,2.5,8.2,1.6
193988,9.1,10.1,2
52617,3.9,8.8,2.4
277102,12.2,3.1,1.9
53822,3.9,16.9,1.4
161903,7.9,13.4,2
328132,14,17.5,1.9
113064,6.1,13.6,2.1
12867,2.4,15.3,2.4
68495,4.5,6.1,1.7
125657,6.6,7.1,1.4
105837,5.8,19.7,2.4
73533,4.7,3.5,1.5
308530,13.3,13.5,2.2
224321,10.2,13.2,2.3
316634,13.6,13.2,2.6
141426,7.2,3.6,1.8
310063,13.4,5.6,2.5
1807,2,14,1.9
200011,9.3,14.1,1.3
263524,11.7,3.1,1.6
74737,4.7,11.5,1.9
306559,13.2,18.5,1.6
251697,11.2,14.7,2.4
271627,12,2.8,1.9
186651,8.8,15.5,1.8
260239,11.5,17.4,1.6
104304,5.8,9.5,2.1
71014,4.6,4.8,1.6
99266,5.6,12.1,2.3
190922,9,7.8,1.4
273379,12,14.5,1.6
93353,5.4,8.9,2
128285,6.7,6.5,1.7
284549,12.4,16.5,2.6
201106,9.4,3.3,1.3
325942,14,2.9,1.9
65539,4.4,4.5,1.6
272175,12,6.4,2.7
221364,10.1,11.6,2.1
80322,4.9,12.5,2.4
153800,7.6,13.7,1.7
126533,6.6,12.9,2
196069,9.2,5.9,1.6
262867,11.6,16.8,1.9
32906,3.2,4.1,2.3
269875,11.9,9.2,2.2
277759,12.2,7.5,1.6
112626,6.1,10.7,1.8
137703,7,15,1.5
186323,8.8,13.3,2
230672,10.4,19.4,1.4
244032,10.9,17.9,2.4
250055,11.2,3.8,1.7
122043,6.4,19.2,1.5
137046,7,10.6,1.8
314225,13.5,15.3,1.7
186432,8.8,14,2.4
280278,12.3,6.2,1.5
88644,5.2,13.7,2.1
203734,9.5,2.7,1.6
193003,9.1,3.5,2.5
317181,13.6,16.9,1.8
26555,2.9,16.1,1.7
161356,7.9,9.8,1.3
168035,8.1,18.1,1.7
27979,3,7.5,1.6
298127,12.9,16.6,1.4
290462,12.6,19.8,1.4
141973,7.2,7.2,2.5
257063,11.4,14.3,2
48894,3.8,2.1,2.1
202858,9.4,14.9,2.5
84264,5.1,2.6,2.1
144382,7.3,5.2,1.9
278526,12.2,12.6,1.8
63677,4.3,10.2,1.4
97076,5.5,15.6,2.3
155333,7.7,5.8,2
107151,5.9,10.4,1.8
261991,11.6,11,1.3
324299,13.9,10,2.6
51741,3.9,3,1.8
75942,4.7,19.5,2.4
231110,10.5,4.2,1.7
118101,6.3,11,1.8
320247,13.7,19.2,2.4
319371,13.7,13.4,1.8
209976,9.7,8.1,1.8
283892,12.4,12.2,1.4
127519,6.6,19.5,1.6
207238,9.6,7.9,2.5
323642,13.9,5.7,1.4
183038,8.7,9.5,2
307107,13.3,4,2.4
236148,10.6,19.7,1.5
155442,7.7,6.5,2.4
208662,9.6,17.4,2.4
291886,12.7,11.2,1.3
64772,4.3,17.5,1.4
124562,6.5,17.9,1.4
326270,14,5.1,1.7
127957,6.7,4.3,1.9
215780,9.9,10.6,1.7
297251,12.9,10.7,2.3
326927,14,9.5,1.4
213590,9.8,14.1,1.7
34439,3.2,14.3,2.6
10239,2.3,15.9,2.1
202420,9.4,12,2.2
184461,8.7,19,1.8
316415,13.6,11.8,1.7
245346,11,8.6,1.8
217094,9.9,19.3,2.6
168692,8.2,4.4,1.4
83717,5,17.1,1.4
316524,13.6,12.5,2.1
175263,8.4,12,1.5
7720,2.2,17.2,2.2
228811,10.4,7,1.3
167269,8.1,13,1.6
17466,2.6,9.8,1.8
292543,12.7,15.5,2.5
104413,5.8,10.2,2.5
73642,4.7,4.2,1.9
36629,3.3,10.8,2.6
98500,5.6,7,2.2
72876,4.6,17.2,1.8
213151,9.8,11.2,1.3
19766,2.7,7,2.3
88425,5.2,12.2,2.7
90396,5.3,7.3,1.8
289367,12.6,12.5,1.4
143944,7.3,2.3,1.6
249179,11.1,16,2.6
197602,9.2,16.1,1.9
257611,11.4,18,1.3
36520,3.3,10.1,2.2
321233,13.8,7.7,2
279731,12.3,2.5,2.3
14400,2.5,7.4,2.7
150734,7.5,11.3,2.6
102880,5.7,18.1,2.2
206691,9.6,4.3,1.8
73861,4.7,5.7,1.3
188513,8.9,9.8,2
197492,9.2,15.4,1.4
196288,9.2,7.3,2.5
145368,7.3,11.8,1.5
9801,2.3,13,1.8
165407,8,18.7,1.4
130694,6.8,4.4,2.6
34330,3.2,13.6,2.2
149310,7.4,19.9,2.7
146134,7.3,16.9,1.6
179752,8.6,5.7,1.9
264838,11.7,11.8,2.5
230782,10.5,2,1.9
286958,12.5,14.5,2
15057,2.5,11.8,2.4
70247,4.5,17.8,1.4
149201,7.4,19.2,2.3
315539,13.6,5.9,2.6
259801,11.5,14.5,1.3
146791,7.4,3.2,1.3
105727,5.8,19,1.9
17576,2.6,10.5,2.3
243484,10.9,14.3,1.6
163327,8,4.8,1.9
65101,4.3,19.7,1.3
136388,7,6.2,2
54150,3.9,19,2.7
247646,11.1,5.8,2.3
116021,6.2,15.2,2.3
310173,13.4,6.4,1.5
4544,2.1,14.1,2.6
272832,12,10.8,2.4
205377,9.5,13.6,2.4
174715,8.4,8.3,2.2
212494,9.8,6.8,1.6
238338,10.7,16.2,1.5
30059,3.1,3.2,2.6
288491,12.6,6.6,2.3
3668,2.1,8.3,2
94339,5.4,15.5,1.6
58202,4.1,9.9,1.4
304807,13.2,6.8,1.9
20423,2.7,11.4,2
188841,8.9,12,1.8
208114,9.6,13.8,1.6
212823,9.8,9,1.5
285315,12.5,3.5,2.7
16481,2.6,3.2,2.3
268013,11.8,14.9,2
170883,8.2,19,1.5
227278,10.3,14.8,2.5
67948,4.5,2.4,2.5
176467,8.4,20,1.9
231220,10.5,4.9,2.2
314444,13.5,16.7,2.6
144054,7.3,3,2.1
26226,2.9,13.9,1.8
17138,2.6,7.6,2
206362,9.6,2.1,1.9
261115,11.6,5.1,2.2
226511,10.3,9.7,2.3
109560,6,8.3,2.7
311925,13.4,18,2.7
167707,8.1,15.9,1.9
313458,13.5,10.2,1.5
22722,2.8,8.6,2.4
66524,4.4,11,2.6
254873,11.3,17.8,2
301741,13.1,4.5,1.3
257282,11.4,15.8,1.4
94777,5.4,18.4,1.9
49551,3.8,6.5,1.8
279621,12.2,19.9,1.8
258377,11.5,5,1.4
87659,5.2,7.1,2.6
72547,4.6,15,1.9
101675,5.7,10.1,1.7
273160,12,13,2.2
270094,11.9,10.7,1.6
185447,8.8,7.5,1.4
186213,8.8,12.6,1.5
91929,5.3,17.5,2.1
230015,10.4,15,1.7
261443,11.6,7.3,2
142740,7.2,12.3,2.7
144601,7.3,6.7,1.3
150624,7.5,10.6,2.1
89630,5.3,2.2,1.7
221145,10.1,10.1,2.7
297689,12.9,13.6,2.6
299770,13,9.4,2.2
246003,11,13,1.5
84155,5,20,1.7
226402,10.3,9,1.9
42652,3.5,14.8,1.9
40024,3.4,15.4,1.6
61925,4.2,16.6,1.7
48018,3.7,14.4,1.5
191250,9,9.9,2.7
22613,2.8,7.9,2
270204,11.9,11.4,2.1
237352,10.7,9.6,1.9
304588,13.2,5.3,2.5
158837,7.8,11.1,1.4
214575,9.9,2.5,2.7
292652,12.7,16.3,1.4
174387,8.4,6.1,2.4
90615,5.3,8.7,2.7
321014,13.8,6.2,2.6
10458,2.3,17.4,1.5
103427,5.8,3.7,1.4
320138,13.7,18.5,2
114925,6.2,7.9,2.2
98171,5.6,4.8,2.3
38929,3.4,8.1,1.6
302070,13.1,6.6,2.7
44076,3.6,6.2,1.8
105289,5.8,16.1,1.6
295061,12.8,14.2,2.3
160918,7.9,6.8,2.5
201325,9.4,4.7,2.2
190155,9,2.6,2.7
229687,10.4,12.8,1.9
7392,2.2,15,2.4
170554,8.2,16.8,1.6
8815,2.3,6.4,2.2
272065,12,5.7,2.2
108136,5.9,17,1.3
279402,12.2,18.4,2.4
79336,4.9,6,1.3
189060,8.9,13.4,2.7
308749,13.3,15,1.6
13195,2.4,17.5,2.2
15933,2.5,17.7,1.5
5530,2.2,2.6,2.2
223883,10.2,10.3,2
195740,9.2,3.7,1.7
36739,3.3,11.6,1.6
261334,11.6,6.6,1.6
202310,9.4,11.3,1.7
21408,2.7,18,1.5
21189,2.7,16.5,2.1
44185,3.6,6.9,2.2
258925,11.5,8.6,2.2
29402,3,17,1.4
76380,4.8,4.3,2.7
78898,4.9,3,2.5
32687,3.2,2.7,1.4
282906,12.4,5.6,1.8
229577,10.4,12.1,1.4
240637,10.8,13.4,1.9
212604,9.8,7.5,2.1
166174,8.1,5.7,1.6
103537,5.8,4.4,1.9
216546,9.9,15.7,1.8
37505,3.3,16.7,1.7
48675,3.7,18.7,2.7
5311,2.1,19.3,1.3
317619,13.6,19.8,2.1
318495,13.7,7.5,2.7
40243,3.4,16.8,2.5
151281,7.5,15,1.8
215342,9.9,7.7,1.4
93134,5.4,7.4,2.6
248522,11.1,11.7,1.4
182162,8.7,3.7,1.4
136498,7,6.9,2.5
86235,5.1,15.7,2.7
248303,11.1,10.2,2
295280,12.8,15.7,1.7
239104,10.8,3.2,1.6
130037,6.7,18.2,1.4
308968,13.3,16.4,2.5
82184,5,6.8,2.6
173182,8.3,16.2,1.9
313896,13.5,13.1,1.8
86345,5.1,16.5,1.7
80431,4.9,13.3,1.3
305136,13.2,9,1.8
20861,2.7,14.3,2.3
95981,5.5,8.3,2.3
193769,9.1,8.6,2.6
65320,4.4,3,2.2
208005,9.6,13,2.7
261881,11.6,10.2,2.3
161684,7.9,11.9,2.6
212713,9.8,8.2,2.5
261005,11.6,4.4,1.7
74956,4.7,13,1.3
196616,9.2,9.5,2.3
36301,3.3,8.7,1.3
165955,8.1,4.2,2.2
276883,12.1,19.7,2.5
303274,13.1,14.7,1.6
160480,7.9,3.9,2.2
88863,5.2,15.2,1.5
213480,9.8,13.3,2.7
302617,13.1,10.3,1.9
163984,8,9.2,1.6
320357,13.7,20,1.4
64225,4.3,13.8,2.2
35863,3.3,5.7,2.5
95215,5.5,3.2,2.2
125109,6.6,3.4,2.1
133979,6.9,8.2,2.6
98938,5.6,9.9,2.5
227168,10.3,14.1,2
28964,3,14,2.6
127628,6.7,2.1,2
94448,5.4,16.2,2
97405,5.5,17.8,2.2
33016,3.2,4.9,1.3
194426,9.1,13,2.3
90725,5.3,9.5,1.7
50865,3.8,15.2,2.7
274,2,3.8,1.6
91272,5.3,13.1,2.4
179643,8.6,5,1.5
286520,12.5,11.6,1.7
11334,2.4,5.1,2.1
298237,12.9,17.3,1.9
42433,3.5,13.3,2.5
275241,12.1,8.8,1.8
262757,11.6,16.1,1.4
303055,13.1,13.2,2.2
44733,3.6,10.6,1.5
162560,7.9,17.8,1.7
129380,6.7,13.8,1.7
55574,4,10.4,2.6
187089,8.8,18.4,2.1
198149,9.2,19.7,2.6
68605,4.5,6.8,2.2
167378,8.1,13.7,2
325504,13.9,18.1,1.6
158180,7.8,6.7,1.7
228044,10.3,19.9,2.6
131570,6.8,10.3,1.7
9472,2.3,10.8,1.9
93791,5.4,11.8,2.3
263852,11.7,5.3,1.4
109888,6,10.5,2.5
24693,2.9,3.7,1.5
164641,8,13.6,1.3
115473,6.2,11.6,1.5
242827,10.9,9.9,1.9
169349,8.2,8.7,2.6
264509,11.7,9.6,2.6
268123,11.8,15.6,2.5
61487,4.2,13.7,1.4
40134,3.4,16.1,2.1
269656,11.9,7.8,1.3
208333,9.6,15.2,2.5
4216,2.1,12,1.3
294514,12.8,10.6,1.6
165736,8.1,2.8,1.3
177015,8.5,5.5,2.7
198259,9.3,2.4,1.6
250821,11.2,8.9,1.8
281592,12.3,14.9,2.4
120510,6.4,8.9,2.7
25898,2.9,11.7,2
240856,10.8,14.9,1.3
105070,5.8,14.6,2.2
277540,12.2,6,2.2
117116,6.3,4.4,2.3
272722,12,10.1,1.9
56559,4,17,2.1
41995,3.5,10.4,2.2
289257,12.6,11.7,2.4
12100,2.4,10.2,2.2
225964,10.3,6.1,1.6
240747,10.8,14.1,2.4
140878,7.1,18,2.5
119634,6.4,3.1,2.1
321671,13.8,10.6,2.3
126314,6.6,11.4,2.6
142411,7.2,10.2,1.3
51522,3.8,19.6,2.4
103208,5.8,2.2,2
99595,5.6,14.3,2.2
294076,12.8,7.7,1.3
79884,4.9,9.6,2.1
98390,5.6,6.3,1.7
131132,6.8,7.4,1.4
232972,10.5,16.6,1.9
47470,3.7,10.7,2.2
286739,12.5,13,2.6
24584,2.9,2.9,2.6
149858,7.5,5.5,2
7939,2.2,18.7,1.6
248084,11.1,8.7,2.6
230563,10.4,18.6,2.5
68714,4.5,7.5,2.6
223116,10.2,5.2,1.8
181833,8.6,19.6,1.5
280607,12.3,8.4,1.4
182600,8.7,6.6,1.7
297361,12.9,11.5,1.3
133651,6.9,6.1,1.3
113611,6.1,17.3,1.3
157194,7.7,18.2,2.1
82293,5,7.6,1.5
305464,13.2,11.2,1.6
151062,7.5,13.5,2.4
81307,4.9,19.1,1.9
138141,7,17.9,1.8
231329,10.5,5.6,2.6
127847,6.7,3.6,1.4
58530,4.1,12,2.7
282030,12.3,17.8,2.7
190812,9,7,2.4
117663,6.3,8.1,1.5
70795,4.6,3.3,2.2
69919,4.5,15.6,1.6
168364,8.2,2.2,1.6
139783,7.1,10.7,2.5
243813,10.9,16.5,1.5
21627,2.7,19.4,2.4
279512,12.2,19.2,1.4
223007,10.2,4.5,1.4
44623,3.6,9.8,2.5
283016,12.4,6.3,2.3
64882,4.3,18.2,1.9
198478,9.3,3.8,2.5
176248,8.4,18.5,2.5
52398,3.9,7.4,1.5
1697,2,13.3,1.4
253997,11.3,12,1.4
252245,11.2,18.4,1.7
134198,6.9,9.7,2
16919,2.6,6.1,2.6
191798,9,13.6,2
55793,4,11.9,2
239214,10.8,3.9,2.1
173620,8.3,19.1,2.2
81088,4.9,17.6,2.5
302398,13.1,8.8,2.5
250383,11.2,6,1.5
291776,12.7,10.4,2.3
20970,2.7,15,2.7
59297,4.1,17.2,1.4
241842,10.9,3.3,2.4
229249,10.4,9.9,1.6
255420,11.4,3.3,2.7
161794,7.9,12.7,1.6
135950,7,3.3,1.7
200339,9.3,16.2,2.6
281811,12.3,16.4,1.8
219393,10,16.6,1.5
168802,8.2,5.1,1.9
95653,5.5,6.1,2.5
231658,10.5,7.8,2.5
120291,6.4,7.5,1.8
184680,8.8,2.3,2.7
292214,12.7,13.3,2.6
278307,12.2,11.1,2.4
295718,12.8,18.6,2
309297,13.3,18.6,2.4
267685,11.8,12.7,2.2
821,2,7.4,2.3
1150,2,9.6,2.2
27102,2.9,19.7,2.4
84374,5.1,3.3,2.6
5968,2.2,5.5,2.5
135074,6.9,15.5,2.6
108465,5.9,19.1,2.7
175810,8.4,15.6,2.2
304698,13.2,6.1,1.5
95543,5.5,5.4,2
107370,5.9,11.8,2.7
283673,12.4,10.7,2
108355,5.9,18.4,2.2
45171,3.6,13.5,1.8
163546,8,6.3,1.3
282359,12.3,20,2.6
121058,6.4,12.6,2
228482,10.4,4.8,1.4
205815,9.5,16.5,2.7
145806,7.3,14.7,1.8
153252,7.6,10,2.4
312473,13.5,3.6,2
25022,2.9,5.9,1.4
89849,5.3,3.6,2.6
145039,7.3,9.6,1.6
192565,9,18.7,2.2
288600,12.6,7.3,2.7
151719,7.5,17.9,2.1
140988,7.1,18.8,1.5
245565,11,10,2.7
151500,7.5,16.4,2.7
284111,12.4,13.6,2.3
150953,7.5,12.8,2
160370,7.9,3.2,1.7
156428,7.7,13.1,2
73423,4.7,2.7,2.5
26445,2.9,15.3,2.7
20094,2.7,9.2,2.1
292324,12.7,14.1,1.6
74847,4.7,12.2,2.4
284330,12.4,15.1,1.7
233848,10.6,4.3,2.5
287177,12.5,16,1.4
308859,13.3,15.7,2.1
45828,3.6,17.9,1.5
124233,6.5,15.7,1.5
322109,13.8,13.5,2.6
210414,9.7,11,2.1
294842,12.8,12.8,1.4
155114,7.7,4.3,2.6
3559,2.1,7.6,1.6
204282,9.5,6.3,2.4
74190,4.7,7.8,2.7
170226,8.2,14.6,1.8
237790,10.7,12.5,2.2
198697,9.3,5.3,1.9
193112,9.1,4.3,1.4
139893,7.1,11.5,1.5
79227,4.9,5.2,2.4
136826,7,9.1,2.3
2792,2.1,2.5,1.4
199463,9.3,10.4,2
315429,13.6,5.2,2.1
30497,3.1,6.2,1.4
9910,2.3,13.7,2.2
291338,12.7,7.5,2
79774,4.9,8.9,1.6
2354,2,17.6,2.6
267466,11.8,11.3,1.3
46156,3.7,2,1.3
289148,12.6,11,2
30388,3.1,5.4,2.5
111969,6.1,6.3,2.1
194317,9.1,12.3,1.9
191360,9,10.7,1.7
218517,10,10.7,2.4
211728,9.7,19.8,1.5
139674,7.1,10,2.1
45937,3.6,18.6,1.9
247755,11.1,6.5,2.7
77803,4.8,13.8,2.5
212385,9.8,6,2.7
282797,12.4,4.9,1.4
25569,2.9,9.5,2.1
319262,13.7,12.7,1.4
8377,2.3,3.5,1.9
276007,12.1,13.9,1.9
276117,12.1,14.6,2.4
14071,2.5,5.3,1.3
177562,8.5,9.2,1.9
310720,13.4,10,2.2
101785,5.7,10.8,2.2
265166,11.7,14,2.3
196726,9.2,10.3,1.3
259363,11.5,11.5,2.5
262210,11.6,12.4,2.2
13743,2.5,3.1,1.5
90834,5.3,10.2,2.1
213699,9.8,14.8,2.1
157632,7.8,3,2.4
319809,13.7,16.3,2.1
246551,11,16.6,2.3
184899,8.8,3.8,2.1
95762,5.5,6.9,1.4
82403,5,8.3,2
291667,12.7,9.7,1.9
144930,7.3,8.8,2.7
267794,11.8,13.4,2.6
31264,3.1,11.3,1.6
283782,12.4,11.4,2.4
7063,2.2,12.8,2.5
296047,12.9,2.7,1.9
296594,12.9,6.3,2.6
169130,8.2,7.3,1.7
38601,3.4,5.9,1.8
57107,4.1,2.6,1.4
232424,10.5,12.9,2.6
273817,12,17.4,1.9
9582,2.3,11.5,2.4
249945,11.2,3,2.7
314663,13.5,18.2,2
109012,6,4.7,1.9
208443,9.6,16,1.5
109122,6,5.4,2.4
69043,4.5,9.7,2.5
258706,11.5,7.2,1.3
237571,10.7,11.1,1.3
89411,5.2,18.8,2.3
189389,8.9,15.6,2.6
134089,6.9,9,1.6
29074,3,14.8,1.6
6187,2.2,7,1.9
158508,7.8,8.9,1.5
88973,5.2,15.9,2
108027,5.9,16.2,2.4
92258,5.3,19.7,2
54917,4,6.1,1.4
126752,6.6,14.4,1.4
229358,10.4,10.6,2
65429,4.4,3.7,2.6
217751,10,5.6,2.3
143616,7.2,18.2,1.8
139455,7.1,8.5,2.7
56121,4,14.1,1.8
62692,4.3,3.6,1.9
201653,9.4,6.9,2
86783,5.1,19.4,2
183147,8.7,10.2,2.4
311049,13.4,12.2,2.1
234614,10.6,9.4,2.6
222569,10.1,19.6,2.6
315758,13.6,7.4,2
255092,11.3,19.3,1.4
198916,9.3,6.8,1.3
312144,13.4,19.5,2.1
17904,2.6,12.7,2.1
86673,5.1,18.7,1.5
323971,13.9,7.9,1.3
254325,11.3,14.1,2.7
153581,7.6,12.2,2.3
223773,10.2,9.6,1.5
132775,6.8,18.3,2.2
119853,6.4,4.6,1.5
68276,4.5,4.6,2.3
120620,6.4,9.7,1.7
7501,2.2,15.8,1.3
152924,7.6,7.8,2.6
105618,5.8,18.3,1.5
320795,13.8,4.8,1.7
181176,8.6,15.2,1.8
279183,12.2,17,1.5
130913,6.8,5.9,2
149967,7.5,6.2,2.4
271518,12,2.1,1.5
326051,14,3.6,2.3
169021,8.2,6.6,1.3
304369,13.2,3.9,1.6
242608,10.9,8.4,2.5
184571,8.7,19.7,2.3
318167,13.7,5.4,1.4
270861,11.9,15.8,1.8
315977,13.6,8.9,1.4
211071,9.7,15.4,1.8
119415,6.3,19.7,2.7
154019,7.6,15.1,2.6
300865,13,16.7,2.2
3778,2.1,9,2.5
51413,3.8,18.9,2
152814,7.6,7.1,2.1
176139,8.4,17.8,2.1
18014,2.6,13.4,2.6
215670,9.9,9.8,2.7
292433,12.7,14.8,2
34987,3.2,18,1.9
141097,7.1,19.5,1.9
89958,5.3,4.4,1.5
323752,13.9,6.4,1.9
199354,9.3,9.7,1.6
81198,4.9,18.4,1.5
43090,3.5,17.7,2.2
177453,8.5,8.5,1.5
272394,12,7.9,2.1
276445,12.1,16.8,2.2
274912,12.1,6.6,1.9
65648,4.4,5.2,2
176905,8.5,4.8,2.2
287505,12.5,18.1,2.7
39039,3.4,8.8,2.1
282140,12.3,18.6,1.7
296485,12.9,5.6,2.2
69481,4.5,12.7,1.3
23489,2.8,13.7,2.6
153471,7.6,11.5,1.8
275679,12.1,11.7,2.1
151938,7.5,19.4,1.5
131899,6.8,12.5,1.6
162013,7.9,14.1,2.5
40900,3.5,3.1,2.2
42981,3.5,17,1.8
286410,12.5,10.8,2.7
197383,9.2,14.6,2.5
85797,5.1,12.8,2.4
285534,12.5,5,2.1
17357,2.6,9.1,1.4
148653,7.4,15.6,1.5
236914,10.7,6.7,1.6
107808,5.9,14.8,1.5
127081,6.6,16.6,1.3
169897,8.2,12.4,1.9
293747,12.8,5.5,1.4
255639,11.4,4.8,2.1
21299,2.7,17.2,2.6
89301,5.2,18.1,1.8
119306,6.3,19,2.3
285425,12.5,4.3,1.7
133760,6.9,6.8,1.7
76599,4.8,5.8,2.1
195412,9.1,19.6,1.9
154457,7.6,18.1,1.4
295609,12.8,17.9,1.6
307873,13.3,9.1,2.5
268780,11.8,20,2.2
233081,10.5,17.3,2.3
244360,11,2,2.2
296266,12.9,4.2,1.3
19656,2.7,6.3,1.8
106494,5.9,6,2.1
1369,2,11.1,1.6
272613,12,9.4,1.5
163436,8,5.5,2.3
115254,6.2,10.1,2.1
72219,4.6,12.8,2.1
173730,8.3,19.8,2.7
92915,5.4,6,1.7
20751,2.7,13.6,1.8
26007,2.9,12.4,2.4
20532,2.7,12.1,2.4
131351,6.8,8.8,2.3
39915,3.4,14.6,2.7
143506,7.2,17.5,1.3
295828,12.8,19.3,2.5
112297,6.1,8.5,1.9
38382,3.4,4.4,2.4
185118,8.8,5.3,1.5
287615,12.5,18.9,1.7
110874,6,17.1,2.1
11224,2.4,4.4,1.6
46923,3.7,7.1,1.5
23379,2.8,13,2.1
243265,10.9,12.8,2.2
148325,7.4,13.4,1.7
218846,10,12.9,2.3
230125,10.4,15.7,2.2
185885,8.8,10.4,1.7
206034,9.5,18,2.1
288710,12.6,8.1,1.7
216875,9.9,17.9,1.7
287834,12.6,2.2,2.6
151391,7.5,15.7,2.3
46266,3.7,2.7,1.8
20313,2.7,10.7,1.5
234505,10.6,8.7,2.2
97733,5.5,20,2
219503,10,17.3,2
213261,9.8,11.9,1.8
171978,8.3,8.2,1.5
234943,10.6,11.6,2.5
162670,7.9,18.5,2.2
156647,7.7,14.6,1.4
159932,7.8,18.4,1.4
308311,13.3,12.1,1.3
122262,6.5,2.5,2.4
37177,3.3,14.5,1.9
77037,4.8,8.7,2.4
225088,10.2,18.3,2.5
277321,12.2,4.6,1.3
318386,13.7,6.8,2.3
68824,4.5,8.3,1.6
250712,11.2,8.2,1.4
190703,9,6.3,2
128395,6.7,7.2,2.2
164203,8,10.6,2.5
159494,7.8,15.4,2.6
213042,9.8,10.4,2.4
244579,11,3.5,1.6
96857,5.5,14.2,1.4
27541,3,4.6,1.3
271408,11.9,19.4,2.5
122372,6.5,3.3,1.4
254982,11.3,18.5,2.4
58092,4.1,9.1,2.4
34877,3.2,17.3,1.4
298784,13,2.8,2.6
288053,12.6,3.7,2
328460,14,19.7,1.7
285206,12.5,2.8,2.3
10677,2.3,18.8,2.4
177124,8.5,6.3,1.6
327913,14,16,2.5
164531,8,12.8,2.3
287286,12.5,16.7,1.8
21518,2.7,18.7,2
324409,13.9,10.8,1.6
303822,13.1,18.3,2.4
184023,8.7,16.1,1.5
138360,7,19.3,2.7
107260,5.9,11.1,2.2
236257,10.7,2.3,1.9
3449,2.1,6.8,2.6
117882,6.3,9.5,2.4
303712,13.1,17.6,1.9
177891,8.5,11.4,1.8
153362,7.6,10.8,1.4
159713,7.8,16.9,2
97952,5.6,3.4,1.4
312801,13.5,5.8,1.8
322656,13.8,17.2,1.8
165298,8,17.9,2.5
326489,14,6.5,2.6
147887,7.4,10.5,1.4
136169,7,4.7,2.6
68167,4.5,3.9,1.9
62911,4.3,5.1,1.3
274584,12.1,4.4,2.1
238447,10.7,16.9,1.9
171102,8.3,2.3,2.4
272941,12,11.6,1.3
164969,8,15.7,2.6
180081,8.6,7.9,1.8
68386,4.5,5.4,1.3
192674,9,19.4,2.6
47251,3.7,9.3,1.3
15166,2.5,12.6,1.3
224430,10.2,13.9,2.7
199135,9.3,8.2,2.2
70138,4.5,17,2.5
129599,6.7,15.2,2.6
206581,9.6,3.6,1.3
181067,8.6,14.5,1.4
41667,3.5,8.2,2.4
54369,4,2.4,2.1
383,2,4.5,2
133322,6.9,3.9,1.4
156756,7.7,15.3,1.8
51851,3.9,3.7,2.3
218189,10,8.5,2.6
4654,2.1,14.9,1.6
38272,3.4,3.7,1.9
313239,13.5,8.7,2.1
320904,13.8,5.5,2.1
8268,2.3,2.8,1.5
158947,7.8,11.8,1.9
284768,12.4,18,2
78351,4.8,17.5,1.8
275460,12.1,10.2,2.7
266809,11.8,6.9,1.6
206253,9.5,19.5,1.5
1040,2,8.9,1.7
119525,6.4,2.4,1.7
298018,12.9,15.8,2.5
223554,10.2,8.1,2.1
119196,6.3,18.3,1.8
207348,9.6,8.7,1.5
78570,4.8,18.9,2.7
185994,8.8,11.1,2.1
322547,13.8,16.5,1.4
280169,12.3,5.4,2.6
91163,5.3,12.4,2
224211,10.2,12.5,1.8
113502,6.1,16.5,2.4
324080,13.9,8.6,1.7
25350,2.9,8,2.7
80541,4.9,14,1.8
266261,11.8,3.2,2.3
25679,2.9,10.2,2.6
172197,8.3,9.6,2.4
263086,11.6,18.3,1.3
242499,10.9,7.7,2.1
46375,3.7,3.4,2.2
141316,7.2,2.9,1.3
111421,6.1,2.7,1.3
154347,7.6,17.3,2.4
192455,9,18,1.7
48127,3.7,15.1,1.9
298894,13,3.6,1.6
209209,9.7,3,1.6
52727,3.9,9.6,1.4
184352,8.7,18.3,1.4
306340,13.2,17,2.2
257501,11.4,17.2,2.3
225635,10.3,3.9,1.7
150843,7.5,12.1,1.5
84045,5,19.2,2.7
185228,8.8,6,2
80103,4.9,11.1,1.5
101347,5.7,7.9,1.9
300536,13,14.5,2.3
290900,12.7,4.6,1.7
260458,11.5,18.8,2.5
304479,13.2,4.6,2.1
57545,4.1,5.5,1.7
166831,8.1,10.1,1.3
205486,9.5,14.4,1.3
301084,13,18.2,1.6
217422,10,3.4,2.4
122153,6.4,19.9,2
242937,10.9,10.6,2.4
268561,11.8,18.6,1.3
196507,9.2,8.8,1.9
26117,2.9,13.2,1.4
303603,13.1,16.9,1.5
15495,2.5,14.7,2.7
170007,8.2,13.1,2.4
37724,3.3,18.1,2.6
119744,6.4,3.8,2.6
266590,11.8,5.4,2.2
79008,4.9,3.8,1.5
290681,12.7,3.1,2.3
234067,10.6,5.8,1.9
118868,6.3,16.1,2
80212,4.9,11.8,1.9
80979,4.9,16.9,2.1
252902,11.3,4.7,1.4
14181,2.5,6,1.8
225416,10.3,2.4,2.3
203187,9.4,17.1,2.4
245893,11,12.2,2.5
321123,13.8,7,1.5
120948,6.4,11.9,1.5
83936,5,18.5,2.3
288381,12.6,5.9,1.8
265057,11.7,13.3,1.9
149639,7.5,4,2.6
28307,3,9.7,1.4
184133,8.7,16.8,2
60392,4.2,6.4,1.4
172416,8.3,11.1,1.8
112845,6.1,12.1,2.7
99704,5.6,15,2.6
238557,10.7,17.6,2.4
166064,8.1,4.9,2.6
260020,11.5,15.9,2.2
65758,4.4,5.9,2.5
221802,10.1,14.5,2.4
15276,2.5,13.3,1.8
263633,11.7,3.8,2
221912,10.1,15.3,1.4
311596,13.4,15.9,1.3
28855,3,13.3,2.2
299660,13,8.7,1.7
164093,8,9.9,2
201215,9.4,4,1.7
99923,5.6,16.5,2
23708,2.8,15.2,2
280497,12.3,7.6,2.4
47689,3.7,12.2,1.6
116897,6.3,3,1.4
203844,9.5,3.4,2.1
327694,14,14.6,1.6
166721,8.1,9.3,2.3
325832,14,2.2,1.4
72109,4.6,12.1,1.6
125766,6.6,7.8,1.8
229030,10.4,8.4,2.2
19547,2.7,5.6,1.4
246222,11,14.4,2.4
133870,6.9,7.5,2.2
266152,11.8,2.5,1.9
