a (Top Surface Length),h (Height),e,phase
4.2,2.0,1.24,-48.46560650786921
4.7,2.0,2.25,-48.74066875009655
2.8,2.0,2.72,-48.66104015290386
7.1,2.0,1.24,-48.59967516898436
10.0,2.0,1.24,-48.12050922751531
5.7,2.0,2.72,-49.29714714139663
2.3,2.0,2.53,-49.004216517795
12.9,2.0,1.24,-48.95340847137056
3.3,2.1,1.24,-50.36465835736311
6.2,2.1,1.24,-50.51244923653966
9.1,2.1,1.24,-50.43874702727384
7.6,2.0,2.25,-49.192416451796994
10.5,2.0,2.25,-49.88011480323988
5.2,2.0,2.53,-49.19832094117727
8.6,2.0,2.72,-49.992637965014914
11.5,2.0,2.72,-51.166317376565694
4.8,2.1,2.72,-51.79387962215807
7.7,2.1,2.72,-52.55296222121545
10.6,2.1,2.72,-53.56092029667554
12.0,2.1,1.24,-51.03144655517397
13.5,2.1,2.72,-55.25294099638424
3.9,2.2,2.72,-54.09998829174253
13.4,2.0,2.25,-50.948800843721074
3.8,2.1,2.25,-51.46302904443273
8.1,2.0,2.53,-49.56051883652232
6.8,2.2,2.72,-54.97817223108133
11.0,2.0,2.53,-50.54985935819481
9.7,2.2,2.72,-55.94017116547293
6.7,2.1,2.25,-51.6391573514262
5.3,2.2,1.24,-53.35400251307633
9.6,2.1,2.25,-52.282277388998615
12.6,2.2,2.72,-57.720370943134746
2.5,2.3,2.72,-56.25823203583057
13.9,2.0,2.53,-51.95272999685787
5.9,2.3,2.72,-57.22535707039352
8.8,2.3,2.72,-58.29674654940072
8.2,2.2,1.24,-53.44243161656394
11.1,2.2,1.24,-53.682823132968366
4.3,2.1,2.53,-51.51939264750087
11.7,2.3,2.72,-60.12889820454407
7.2,2.1,2.53,-52.23609179283753
12.5,2.1,2.25,-53.36340969457894
10.1,2.1,2.53,-52.85464633646868
2.4,2.2,2.25,-53.76976516647807
13.0,2.1,2.53,-54.46958538308744
14.0,2.2,1.24,-54.13109824882885
4.4,2.3,1.24,-55.31283291156817
7.3,2.3,1.24,-55.80917767251534
3.4,2.2,2.53,-53.86247285717469
5.0,2.4,2.72,-59.536644083702136
6.3,2.2,2.53,-54.601991876014246
9.2,2.2,2.53,-55.2649350573272
12.1,2.2,2.53,-56.73746794799019
7.9,2.4,2.72,-60.55570646167652
10.2,2.3,1.24,-56.05385032586202
13.1,2.3,1.24,-56.46057908785173
10.8,2.4,2.72,-62.45026413230624
2.9,2.2,2.25,-53.846516118858965
13.7,2.4,2.72,-65.48941438438035
3.0,2.4,1.24,-58.17383102095781
5.8,2.2,2.25,-53.985396675524605
3.5,2.4,1.24,-57.6974631457605
8.7,2.2,2.25,-54.83018868534999
11.6,2.2,2.25,-55.91985998787044
4.9,2.3,2.25,-56.49390884342747
6.4,2.4,1.24,-57.66660900520643
2.0,2.3,2.53,-56.24949496673376
9.3,2.4,1.24,-57.86655182517677
5.4,2.3,2.53,-56.80948178207837
3.6,2.5,2.72,-61.85482240610847
4.1,2.5,2.72,-62.00886544955773
7.0,2.5,2.72,-63.16134704645826
12.2,2.4,1.24,-58.60685336583087
9.9,2.5,2.72,-65.05225440541676
2.1,2.5,1.24,-60.565261300153566
12.8,2.5,2.72,-67.6607533427545
2.7,2.6,2.72,-63.997401407058994
6.1,2.6,2.72,-65.52728592236373
8.3,2.3,2.53,-57.718557074011535
9.0,2.6,2.72,-67.2875840353116
11.9,2.6,2.72,-69.91756568475373
5.5,2.5,1.24,-60.12453698895588
7.8,2.3,2.25,-57.006706917847865
8.4,2.5,1.24,-60.12266527544132
11.2,2.3,2.53,-59.174911544569774
4.5,2.4,2.53,-59.24598917546621
11.3,2.5,1.24,-60.42351929520766
10.7,2.3,2.25,-57.97840825578042
7.4,2.4,2.53,-60.30209472238913
13.6,2.3,2.25,-59.94874725495024
10.3,2.4,2.53,-61.7668245152179
5.2,2.7,2.72,-67.6756170902819
4.6,2.6,1.24,-62.486621690781774
4.0,2.4,2.25,-58.93938158117414
13.2,2.4,2.53,-63.88117589222342
3.1,2.5,2.53,-61.36646072273311
6.5,2.5,2.53,-62.58400345345568
7.5,2.6,1.24,-62.40722495948231
9.4,2.5,2.53,-64.0808714424528
12.3,2.5,2.53,-66.17992552644135
2.2,2.6,2.53,-63.63897119853574
5.6,2.6,2.53,-64.86528079173188
6.9,2.4,2.25,-59.43426356981229
8.1,2.7,2.72,-69.35679074109527
8.5,2.6,2.53,-66.26079203736889
11.4,2.6,2.53,-68.4833433605515
9.8,2.4,2.25,-60.69677383144343
4.2,2.7,2.53,-66.99312745089215
4.7,2.7,2.53,-67.12229187805926
11.0,2.7,2.72,-72.26040155824809
7.6,2.7,2.53,-68.36623135534833
10.4,2.6,1.24,-62.9545478333321
13.3,2.6,1.24,-63.57691026149846
10.5,2.7,2.53,-70.69147472567344
3.2,2.7,1.24,-64.94682612294133
6.6,2.7,1.24,-65.51993360771333
9.5,2.7,1.24,-65.83344725231856
12.4,2.7,1.24,-65.78130897606712
13.9,2.7,2.72,-76.62250861669443
13.4,2.7,2.53,-74.12430908716694
2.3,2.8,1.24,-67.31440441054703
12.7,2.4,2.25,-62.29866253685022
2.6,2.5,2.25,-60.95081697588283
5.7,2.8,1.24,-67.44148873026026
3.8,2.8,2.72,-69.81617818417611
6.0,2.5,2.25,-61.85006663544522
8.6,2.8,1.24,-67.5930007056639
8.9,2.5,2.25,-62.86045156048515
11.5,2.8,1.24,-68.66154291417011
7.2,2.8,2.72,-71.98235427925599
4.3,2.9,1.24,-69.86658995855161
10.1,2.8,2.72,-74.50988172853974
13.0,2.8,2.72,-78.50158071852127
7.7,2.9,1.24,-70.388457826755
3.3,2.8,2.53,-69.21882043020949
2.9,2.9,2.72,-72.01733360243648
6.7,2.8,2.53,-70.92699798940731
10.6,2.9,1.24,-70.73014415868256
13.5,2.9,1.24,-71.19675401167932
9.6,2.8,2.53,-73.10884433318499
12.5,2.8,2.53,-76.33733078889196
3.4,3.0,1.24,-72.233418823985
6.8,3.0,1.24,-72.40547764033127
6.3,2.9,2.72,-73.95716447839541
9.7,3.0,1.24,-72.76833637666022
11.8,2.5,2.25,-64.66071395541695
2.4,2.9,2.53,-71.54177017341236
5.8,2.9,2.53,-73.20809503173838
12.6,3.0,1.24,-73.49941893700974
8.7,2.9,2.53,-75.13403086359727
9.2,2.9,2.72,-76.84088298398157
5.1,2.6,2.25,-64.231145814021
11.6,2.9,2.53,-78.4230893283762
8.0,2.6,2.25,-65.16118358124695
12.1,2.9,2.72,-80.51738455216285
2.5,3.1,1.24,-74.59371062096638
2.0,3.0,2.72,-74.17611335697362
10.9,2.6,2.25,-66.85348573798314
4.9,3.0,2.72,-75.82226345795227
5.4,3.1,1.24,-75.21094332606548
4.4,3.0,2.53,-75.08745289736906
5.9,3.1,1.24,-74.75085415590439
8.8,3.1,1.24,-75.63619708067328
11.7,3.1,1.24,-75.84027120129443
7.8,3.0,2.53,-77.35503149420934
13.8,2.6,2.25,-69.57792038792036
3.7,2.7,2.25,-66.48784713238783
4.5,3.2,1.24,-77.42126874081715
8.3,3.0,2.72,-78.75872891416009
10.7,3.0,2.53,-80.49680528824679
11.2,3.0,2.72,-82.66119977538636
4.0,3.1,2.72,-78.07946689633212
7.9,3.2,1.24,-77.97686189430041
7.1,2.7,2.25,-67.70790554303441
10.0,2.7,2.25,-69.31945663020112
13.6,3.0,2.53,-85.72436441794667
12.9,2.7,2.25,-71.75182724981215
2.8,2.8,2.25,-68.62073970235254
3.5,3.1,2.53,-77.27080704169668
10.8,3.2,1.24,-78.47846115050481
7.4,3.1,2.72,-80.8011733300853
10.3,3.1,2.72,-84.77059510349412
13.2,3.1,2.72,-90.45184734700624
13.7,3.2,1.24,-79.08563960456807
3.1,3.2,2.72,-80.08066314457447
6.9,3.1,2.53,-79.45207074336837
6.2,2.8,2.25,-69.91879598267546
9.8,3.1,2.53,-82.69613360902586
6.0,3.2,2.72,-82.25128604126776
6.5,3.2,2.72,-82.64839768107167
9.4,3.2,2.72,-86.55284809328248
12.7,3.1,2.53,-87.40831830784371
3.6,3.3,1.24,-79.433191647072
9.1,2.8,2.25,-71.48200913681809
7.0,3.3,1.24,-79.61095558958813
12.3,3.2,2.72,-92.2872239683807
12.0,2.8,2.25,-73.90782842875169
4.8,2.9,2.25,-71.88644279271176
2.2,3.3,2.72,-82.14717052827766
2.6,3.2,2.53,-79.3762556548591
5.1,3.3,2.72,-84.45547530654488
5.5,3.2,2.53,-81.24423035912046
8.5,3.3,2.72,-88.68296781672946
8.9,3.2,2.53,-84.8961659373068
11.8,3.2,2.53,-89.39226781524421
9.9,3.3,1.24,-80.82904595489691
5.3,2.9,2.25,-72.27014781147186
11.4,3.3,2.72,-94.32357002232008
4.6,3.3,2.53,-83.41316015067368
4.2,3.4,2.72,-86.62391022102972
8.2,2.9,2.25,-73.62944895935173
12.8,3.3,1.24,-81.89109813558858
2.7,3.4,1.24,-81.83257209504247
11.1,2.9,2.25,-76.19730163945013
8.0,3.3,2.53,-86.9557156623472
7.6,3.4,2.72,-90.64554238840748
10.5,3.4,2.72,-95.76143156331602
13.4,3.4,2.72,-103.69662338024568
3.3,3.5,2.72,-88.38521447755308
6.2,3.5,2.72,-91.48257369453
9.6,3.5,2.72,-97.54588634633444
5.6,3.4,1.24,-82.00938879665907
9.0,3.4,1.24,-82.29532435171812
14.0,2.9,2.25,-79.8841665537432
12.5,3.5,2.72,-105.2020273853898
3.9,3.0,2.25,-74.28613845753804
10.9,3.3,2.53,-91.29790739507268
7.3,3.0,2.25,-76.13889723965399
2.4,3.6,2.72,-90.5532792187674
11.9,3.4,1.24,-84.18310581848954
4.7,3.5,1.24,-84.94616009108545
13.8,3.3,2.53,-98.55916531544035
8.1,3.5,1.24,-84.94365692580556
10.2,3.0,2.25,-78.28032195961072
3.7,3.4,2.53,-85.50084622062873
13.1,3.0,2.25,-81.82901780464687
5.3,3.6,2.72,-93.65116984080368
11.0,3.5,1.24,-85.74785972009362
3.0,3.1,2.25,-76.39735412270927
8.7,3.6,2.72,-99.18289972383944
6.6,3.4,2.53,-88.00516788311747
11.6,3.6,2.72,-106.54940353663557
7.1,3.4,2.53,-88.53390446441658
6.4,3.1,2.25,-77.9762616487108
9.3,3.1,2.25,-80.26595277157982
4.4,3.7,2.72,-95.42699945633272
10.0,3.4,2.53,-93.09600969047084
13.9,3.5,1.24,-87.58541375815845
12.2,3.1,2.25,-83.89919771650388
2.1,3.2,2.25,-78.66856373990613
3.8,3.6,1.24,-87.38107547294439
5.0,3.2,2.25,-79.95728698206084
8.4,3.2,2.25,-82.74030344697097
7.3,3.7,2.72,-99.81398515165296
6.7,3.6,1.24,-87.58862378922186
12.9,3.4,2.53,-99.36283463065534
2.8,3.5,2.53,-87.52227117347577
10.7,3.7,2.72,-107.9822008641576
13.6,3.7,2.72,-120.36536239898298
11.3,3.2,2.25,-86.01713950525803
3.5,3.8,2.72,-97.1031633766378
5.7,3.5,2.53,-90.22867827588335
4.1,3.3,2.25,-82.22153286490366
9.1,3.5,2.53,-94.70105767206746
7.5,3.3,2.25,-84.6955923159913
10.1,3.6,1.24,-88.01304599164756
13.0,3.6,1.24,-89.2591381261589
12.0,3.5,2.53,-100.94738123679818
6.4,3.8,2.72,-101.51976152188476
2.9,3.7,1.24,-89.70916015572011
9.8,3.8,2.72,-109.29366664732976
10.4,3.3,2.25,-88.03137817745677
5.8,3.7,1.24,-90.05170575776138
13.3,3.3,2.25,-92.83463706580557
3.2,3.4,2.25,-84.44327968907137
6.1,3.4,2.25,-86.09612315249605
12.7,3.8,2.72,-119.21436495532824
9.2,3.7,1.24,-90.50423764108908
4.8,3.6,2.53,-91.94585122173515
8.2,3.6,2.53,-96.66980469335712
9.5,3.4,2.25,-89.76480252042629
12.1,3.7,1.24,-91.99056188025334
12.4,3.4,2.25,-94.62876691674194
2.0,3.8,1.24,-91.4190360460248
11.1,3.6,2.53,-102.68633198526632
14.0,3.6,2.53,-111.63549239849
2.6,3.9,2.72,-98.83112141161816
4.9,3.8,1.24,-92.04113333454966
2.3,3.5,2.25,-86.57421539032062
7.8,3.8,1.24,-92.62741147591552
8.3,3.8,1.24,-92.86023411766696
11.2,3.8,1.24,-93.63755750545154
3.9,3.7,2.53,-94.04687140785146
5.2,3.5,2.25,-88.4407835576201
5.5,3.9,2.72,-102.64499713959772
4.0,3.9,1.24,-94.60393061498031
8.4,3.9,2.72,-109.215066149814
6.9,3.9,1.24,-95.33618551125906
10.3,3.9,1.24,-96.36025990531004
6.8,3.7,2.53,-97.5744156401274
8.9,3.9,2.72,-110.49461270295892
10.2,3.7,2.53,-104.2596550009607
8.6,3.5,2.25,-92.05885331990756
11.8,3.9,2.72,-120.40109375572425
13.1,3.7,2.53,-112.52634110221643
3.0,3.8,2.53,-95.56014927569429
5.9,3.8,2.53,-99.29636914289516
9.3,3.8,2.53,-105.719564735188
4.6,4.0,2.72,-104.14239113920542
11.5,3.5,2.25,-96.49920799322052
13.2,3.9,1.24,-97.34510504671772
4.3,3.6,2.25,-90.6130279612746
12.2,3.8,2.53,-113.80206572740084
3.1,4.0,1.24,-96.907733080714
7.5,4.0,2.72,-110.25036936805898
10.9,4.0,2.72,-121.1069179725498
7.2,3.6,2.25,-93.08231850018268
2.1,3.9,2.53,-97.82003229868096
13.8,4.0,2.72,-136.56260100582327
3.7,4.1,2.72,-105.87879968772712
7.7,3.6,2.25,-93.8522899630078
6.0,4.0,1.24,-96.88991923345615
9.4,4.0,1.24,-98.29962134631452
5.0,3.9,2.53,-100.72471849637884
10.6,3.6,2.25,-98.21928365040588
7.9,3.9,2.53,-105.89801435298608
13.5,3.6,2.25,-104.74270012333676
3.4,3.7,2.25,-92.51118025507516
12.3,4.0,1.24,-100.21754892182952
6.6,4.1,2.72,-111.75220803937032
10.0,4.1,2.72,-122.07069620196448
11.3,3.9,2.53,-115.0274543359485
4.1,4.0,2.53,-102.63895947986248
6.3,3.7,2.25,-94.83473893010098
12.9,4.1,2.72,-134.72453164410595
2.2,4.1,1.24,-98.75600687489305
7.0,4.0,2.53,-107.6027162293894
9.7,3.7,2.25,-99.90314899951176
2.8,4.2,2.72,-107.87817806129844
5.7,4.2,2.72,-112.90661784353613
12.6,3.7,2.25,-106.10578556231997
8.6,4.2,2.72,-120.81433354642228
5.1,4.1,1.24,-98.9693482289521
2.5,3.8,2.25,-94.54322068018128
5.4,3.8,2.25,-96.85875585015948
12.0,4.2,2.72,-134.80147803818352
4.8,4.3,2.72,-114.06516625937977
8.0,4.1,1.24,-100.23275466097648
10.4,4.0,2.53,-116.13387932187896
13.3,4.0,2.53,-127.23846202589765
3.2,4.1,2.53,-104.41918178770568
8.8,3.8,2.25,-101.71696288035888
7.7,4.3,2.72,-121.79446973885264
11.1,4.3,2.72,-135.20509381847754
11.7,3.8,2.25,-107.81590149251215
6.1,4.1,2.53,-108.77388662905284
4.5,3.9,2.25,-98.51238900587587
9.0,4.1,2.53,-115.82885374439893
11.4,4.1,1.24,-101.62486144901506
7.4,3.9,2.25,-102.6543888260162
4.2,4.2,1.24,-102.0729997090248
14.0,4.3,2.72,-154.81966141799572
3.9,4.4,2.72,-115.38367871674228
9.5,4.1,2.53,-117.02034237867235
10.8,3.9,2.25,-109.2340898406772
12.4,4.1,2.53,-127.55125634676992
13.7,3.9,2.25,-118.27868034386564
6.8,4.4,2.72,-122.54515543683571
9.7,4.4,2.72,-133.43773387158726
13.1,4.4,2.72,-152.2273241882254
3.0,4.5,2.72,-116.71054099650104
7.1,4.2,1.24,-102.90258620656806
10.5,4.2,1.24,-104.03636438145078
2.3,4.2,2.53,-106.10455764496491
13.4,4.2,1.24,-105.49351587878589
3.3,4.3,1.24,-104.33476475537364
5.2,4.2,2.53,-110.071773264483
8.1,4.2,2.53,-116.68018320474977
3.6,4.0,2.25,-100.77335891989802
6.5,4.0,2.25,-104.39866195729266
5.9,4.5,2.72,-123.17372230944322
9.9,4.0,2.25,-110.65246894876655
12.8,4.0,2.25,-118.78389932274068
8.8,4.5,2.72,-133.50732338171682
6.2,4.3,1.24,-105.11127686106468
12.2,4.5,2.72,-150.55308572533966
11.5,4.2,2.53,-128.22120062497956
2.7,4.1,2.25,-102.80603295327344
4.3,4.3,2.53,-111.94061516078366
2.1,4.6,2.72,-117.8796745948912
7.2,4.3,2.53,-118.02738185228
5.0,4.6,2.72,-124.01761984665748
10.6,4.3,2.53,-128.91213743035254
5.6,4.1,2.25,-105.93633902952163
8.5,4.1,2.25,-110.84600925416548
13.5,4.3,2.53,-144.67608110853467
3.4,4.4,2.53,-113.41672461482842
11.9,4.1,2.25,-119.86424816974456
9.1,4.3,1.24,-105.8251618661492
4.7,4.2,2.25,-107.3953791910709
7.9,4.6,2.72,-133.7977358149025
10.8,4.6,2.72,-147.634015391246
6.3,4.4,2.53,-119.11429264004248
7.6,4.2,2.25,-112.28202032399273
11.3,4.6,2.72,-150.64418649580392
12.5,4.3,1.24,-107.72835924092134
9.2,4.4,2.53,-127.79182956534824
4.1,4.7,2.72,-124.91333789137872
12.6,4.4,2.53,-143.01645926807407
2.4,4.4,1.24,-106.8294123150694
11.0,4.2,2.25,-120.95039454714598
13.9,4.2,2.25,-132.445283161402
7.0,4.7,2.72,-134.0181981207181
3.8,4.3,2.25,-109.32685749362128
6.7,4.3,2.25,-113.82432592329688
2.5,4.5,2.53,-114.8302627733401
9.9,4.7,2.72,-147.21238537429295
13.3,4.7,2.72,-170.13585996137888
5.4,4.5,2.53,-120.14908083046384
8.3,4.5,2.53,-128.36962941792106
5.3,4.4,1.24,-107.18893268239812
11.7,4.5,2.53,-142.6836515731425
3.2,4.8,2.72,-125.78620701725902
9.6,4.3,2.25,-120.56775747002476
10.1,4.3,2.25,-121.85614345033794
4.5,4.6,2.53,-121.17475834944702
7.4,4.6,2.53,-129.17090900300423
13.0,4.3,2.25,-132.14058447787593
6.1,4.8,2.72,-134.29079962423884
8.2,4.4,1.24,-108.2360800636238
9.0,4.8,2.72,-146.87077203833186
2.9,4.4,2.25,-111.27325389926254
11.6,4.4,1.24,-109.71419022803732
10.3,4.6,2.53,-140.17373006011547
5.8,4.4,2.25,-115.13996327469631
4.4,4.5,1.24,-109.61299857728132
8.7,4.4,2.25,-121.45207736569256
12.1,4.4,2.25,-132.88866218817296
13.7,4.6,2.53,-160.9769133903093
2.0,4.5,2.25,-112.96577290901205
3.6,4.7,2.53,-122.08597783417405
12.4,4.8,2.72,-168.56577690822613
2.3,4.9,2.72,-127.2436900529321
5.2,4.9,2.72,-134.8425775766601
7.3,4.5,1.24,-110.00910230481416
4.9,4.5,2.25,-116.51758999947472
10.2,4.5,1.24,-111.5054972040856
7.8,4.5,2.25,-122.6021607311157
10.7,4.5,1.24,-111.65528207690268
8.1,4.9,2.72,-146.52343635595656
6.5,4.7,2.53,-129.52886702302334
9.4,4.7,2.53,-140.35303289559212
13.6,4.5,1.24,-113.84603467208288
12.8,4.7,2.53,-158.9136489905139
11.2,4.5,2.25,-133.29556490391423
4.0,4.6,2.25,-118.00571210373164
6.9,4.6,2.25,-123.72647583409024
9.8,4.6,2.25,-132.1302037439711
2.7,4.8,2.53,-123.64942586712428
11.0,4.9,2.72,-163.1957838794632
3.5,4.6,1.24,-111.51865672842126
13.2,4.6,2.25,-146.4145994691769
6.4,4.6,1.24,-112.15731102263156
9.3,4.6,1.24,-113.41235460259168
4.3,5.0,2.72,-135.1342623741664
12.7,4.6,1.24,-115.97444088188604
7.2,5.0,2.72,-146.1624091440822
3.1,4.7,2.25,-119.51505645914828
6.0,4.7,2.25,-124.54754786609308
8.9,4.7,2.25,-132.76184876850934
12.3,4.7,2.25,-146.49427521977464
2.2,4.8,2.25,-121.03387388212994
10.1,5.0,2.72,-162.23431557016983
13.5,5.0,2.72,-192.17127681364204
5.1,4.8,2.25,-126.2222546087889
2.6,4.7,1.24,-114.07334711088195
5.6,4.8,2.53,-130.27772574956643
8.0,4.8,2.25,-133.48947421147912
5.5,4.7,1.24,-115.06252013386953
8.5,4.8,2.53,-140.42353228931702
10.9,4.8,2.25,-144.07939766757738
11.4,4.8,2.53,-154.81148244324112
8.4,4.7,1.24,-115.4650439629908
11.8,4.7,1.24,-118.5877419431793
3.4,5.1,2.72,-135.66434005781682
6.3,5.1,2.72,-146.00848840343264
4.2,4.9,2.25,-127.09523307936912
11.9,4.8,2.53,-157.7285560824246
7.1,4.9,2.25,-134.27174436898434
4.6,4.8,1.24,-117.11982869067096
10.0,4.9,2.25,-144.34235866617243
9.2,5.1,2.72,-161.2635839064083
7.5,4.8,1.24,-117.35525511793374
4.7,4.9,2.53,-130.99032314168474
13.4,4.9,2.25,-161.63329340203734
3.3,5.0,2.25,-128.31958405798866
7.6,4.9,2.53,-140.52235988762672
12.1,5.1,2.72,-181.95689981392346
10.4,4.8,1.24,-119.9333673674452
6.2,5.0,2.25,-134.76772950072848
2.5,5.2,2.72,-136.92679599934615
10.5,4.9,2.53,-154.25746781738167
13.9,4.9,2.53,-179.2555915204752
5.4,5.2,2.72,-145.85569850984672
9.1,5.0,2.25,-144.6445405001362
13.8,4.8,1.24,-123.11378770911492
3.7,4.9,1.24,-118.43283268526277
3.8,5.0,2.53,-132.05096477340993
6.7,5.0,2.53,-140.53869505670755
6.6,4.9,1.24,-119.87743868735096
9.6,5.0,2.53,-153.68767319287062
12.0,5.0,2.25,-158.12556473295973
9.5,4.9,1.24,-121.77870475825186
13.0,5.0,2.53,-175.89701414935092
12.9,4.9,1.24,-124.99102167841326
8.3,5.2,2.72,-160.12465724529935
11.2,5.2,2.72,-179.35543294546304
2.9,5.1,2.53,-133.08477834314533
12.5,5.0,2.25,-160.81222255151206
4.5,5.3,2.72,-145.70426783034674
7.4,5.3,2.72,-159.2031977712394
2.4,5.1,2.25,-129.98657523530522
2.8,5.0,1.24,-120.92737099870062
5.8,5.1,2.53,-141.34242505045788
8.7,5.1,2.53,-153.13606491979132
11.6,5.1,2.53,-170.37297402248163
2.0,5.2,2.53,-134.32547379278847
10.3,5.3,2.72,-177.74767862267308
5.3,5.1,2.25,-135.8944170346634
4.9,5.2,2.53,-141.01015815050684
5.7,5.0,1.24,-122.61943004769893
8.6,5.0,1.24,-124.17094844033868
11.5,5.0,1.24,-125.80318409110316
4.8,5.1,1.24,-124.4134669776333
8.2,5.1,2.25,-144.8319174888111
7.7,5.1,1.24,-125.34462089442322
13.2,5.3,2.72,-203.4532775402621
13.7,5.3,2.72,-211.93478267475754
7.8,5.2,2.53,-153.01877797035195
10.6,5.1,1.24,-127.65409442318656
3.6,5.4,2.72,-146.01021125466855
14.0,5.1,1.24,-130.92157503963506
11.1,5.1,2.25,-157.47792513719313
3.9,5.2,1.24,-126.15474716038516
6.8,5.2,1.24,-127.9694948094106
4.4,5.2,2.25,-136.5244078690373
9.7,5.2,1.24,-129.8669738549195
12.6,5.2,1.24,-133.01689467368453
7.3,5.2,2.25,-145.0404051704816
13.1,5.2,1.24,-132.81969853769448
10.7,5.2,2.53,-168.67955895004562
4.0,5.3,2.53,-142.03652017064516
6.5,5.4,2.72,-158.31523681261828
6.9,5.3,2.53,-152.49577585215192
9.4,5.4,2.72,-175.9525246032331
9.8,5.3,2.53,-167.75965980752832
10.2,5.2,2.25,-157.25034124533835
13.6,5.2,2.25,-180.36945738320975
3.0,5.3,1.24,-128.34988687669366
5.9,5.3,1.24,-130.12566515583873
3.5,5.3,2.25,-137.6756754401772
12.3,5.4,2.72,-199.98573702232994
8.8,5.3,1.24,-131.52362998201068
12.7,5.3,2.53,-189.35022387777752
11.7,5.3,1.24,-134.70931296484372
6.4,5.3,2.25,-145.34928799944993
9.3,5.3,2.25,-156.84891320028473
3.1,5.4,2.53,-142.45684726445458
12.2,5.3,2.25,-172.89458511894398
2.7,5.5,2.72,-146.2606372505954
6.0,5.4,2.53,-152.32385568754754
2.1,5.4,1.24,-130.9373125216688
2.6,5.4,2.25,-138.64128941107583
5.0,5.4,1.24,-131.29981315018543
8.9,5.4,2.53,-166.79588245098398
7.9,5.4,1.24,-133.30426414109135
5.5,5.4,2.25,-145.79710821650616
10.8,5.4,1.24,-136.33745877172402
11.8,5.4,2.53,-186.12706391134518
8.4,5.4,2.25,-156.639667057935
11.3,5.4,2.25,-171.2945180909064
5.6,5.5,2.72,-157.3404192492059
4.6,5.5,2.25,-146.28141108753496
2.2,5.5,2.53,-143.25399123054115
5.1,5.5,2.53,-152.239208990291
7.5,5.5,2.25,-156.2927452373712
4.1,5.5,1.24,-134.61921102674057
7.0,5.5,1.24,-135.25953227371005
8.5,5.5,2.72,-174.11554922374157
9.9,5.5,1.24,-138.1343838662192
10.4,5.5,2.25,-170.47520267640883
8.0,5.5,2.53,-165.59886763059413
11.4,5.5,2.72,-196.13923991181647
10.9,5.5,2.53,-184.11607329278002
13.3,5.5,2.25,-190.0552125236256
4.7,5.6,2.72,-156.9507872686222
7.6,5.6,2.72,-172.50416870376958
13.8,5.5,2.53,-212.75522320396263
10.5,5.6,2.72,-193.2808311554941
12.8,5.5,1.24,-140.91341692174623
3.7,5.6,2.25,-147.2012140313766
3.2,5.6,1.24,-136.66343167413
13.4,5.6,2.72,-222.05650860497988
4.2,5.6,2.53,-151.9592202228106
6.6,5.6,2.25,-156.33200070081463
9.5,5.6,2.25,-169.67862791962548
12.4,5.6,2.25,-187.9049845320271
2.3,5.7,2.25,-146.74080910474527
6.1,5.6,1.24,-137.4470457140938
7.1,5.6,2.53,-164.64408958123113
10.0,5.6,2.53,-182.5561728541815
9.0,5.6,1.24,-139.53216204637428
3.8,5.7,2.72,-156.45531262649766
11.9,5.6,1.24,-143.3866862619267
12.9,5.6,2.53,-206.5240691857272
3.3,5.7,2.53,-152.52221621649707
5.2,5.7,1.24,-139.72846048480156
6.2,5.7,2.53,-163.98566261570147
9.1,5.7,2.53,-180.74044518580754
8.1,5.7,1.24,-141.6370085203771
6.7,5.7,2.72,-171.04731643383664
9.6,5.7,2.72,-191.20162264570547
12.0,5.7,2.53,-203.22518944990017
11.0,5.7,1.24,-144.699028463229
13.9,5.7,1.24,-148.75644098230163
2.8,5.7,2.25,-147.81137185075863
4.3,5.8,1.24,-141.52379283547455
5.7,5.7,2.25,-156.41922734839514
12.5,5.7,2.72,-217.75730143698004
2.4,5.8,2.72,-154.8023511694835
7.2,5.8,1.24,-143.37074308885042
10.1,5.8,1.24,-146.43280593277447
8.6,5.7,2.25,-168.77883216947396
13.0,5.8,1.24,-149.6147049904475
5.8,5.8,2.72,-169.9396100391462
5.3,5.8,2.53,-163.30368348713608
11.5,5.7,2.25,-185.57205824678928
2.9,5.9,1.24,-143.8804091207901
8.7,5.8,2.72,-188.8700469734034
8.2,5.8,2.53,-179.18884807643553
11.6,5.8,2.72,-212.80305503748025
4.9,5.9,2.72,-168.36072149286417
7.8,5.9,2.72,-186.29180354308707
11.1,5.8,2.53,-199.61872890571593
3.4,5.9,1.24,-143.4816191198224
10.7,5.9,2.72,-209.4164250317548
6.3,5.9,1.24,-145.31084602739622
9.2,5.9,1.24,-148.0273443150109
13.6,5.9,2.72,-243.54913276170976
4.8,5.8,2.25,-156.53572846687848
3.5,6.0,2.72,-165.4871077086397
4.0,6.0,2.72,-167.72496400525975
7.7,5.8,2.25,-168.08272067754118
10.6,5.8,2.25,-183.98915298156282
12.1,5.9,1.24,-151.22345566700392
2.0,6.0,1.24,-145.9053478272245
5.4,6.0,1.24,-147.44792219394597
8.3,6.0,1.24,-149.79433744808068
11.2,6.0,1.24,-153.23178207975232
4.5,6.1,1.24,-148.77701057714333
13.5,5.8,2.25,-208.5355340608605
14.0,5.8,2.53,-230.60216412785186
6.9,6.0,2.72,-184.1408629433119
7.4,6.1,1.24,-151.33334168982694
10.3,6.1,1.24,-154.890570788547
4.4,5.9,2.53,-163.09249518651777
3.9,5.9,2.25,-156.74625588839928
13.2,6.1,1.24,-159.1966699445452
6.8,5.9,2.25,-167.6844036730014
7.3,5.9,2.53,-177.3584506523615
9.7,5.9,2.25,-182.70460303878698
9.8,6.0,2.72,-206.55330565311897
12.7,6.0,2.72,-234.95452035210806
10.2,5.9,2.53,-197.2259094296358
12.6,5.9,2.25,-203.28931151257223
2.5,6.0,2.25,-156.18928409469189
2.6,6.1,2.72,-165.50473532087935
6.0,6.1,2.72,-182.66122426938983
8.9,6.1,2.72,-203.34629585428146
11.8,6.1,2.72,-229.74782690846442
5.9,6.0,2.25,-167.06003807528865
8.8,6.0,2.25,-181.53352265440972
11.7,6.0,2.25,-200.15568144782995
13.1,5.9,2.53,-223.53798915464856
5.0,6.1,2.25,-167.02954610904365
5.1,6.2,2.72,-181.02131965169846
3.1,6.2,1.24,-151.00977113135536
7.9,6.1,2.25,-180.20075673469947
6.5,6.2,1.24,-153.2863220612365
10.8,6.1,2.25,-198.32324357189054
9.4,6.2,1.24,-156.4469329444831
12.3,6.2,1.24,-159.99242882393355
3.0,6.0,2.53,-161.39721913756918
6.4,6.0,2.53,-175.9708837859402
13.7,6.1,2.25,-223.44684035539242
2.2,6.3,1.24,-153.84699732262465
9.3,6.0,2.53,-194.93768730379233
3.6,6.2,2.25,-165.05075150054415
8.0,6.2,2.72,-200.63358799551335
12.2,6.0,2.53,-219.6238094700368
5.6,6.3,1.24,-154.83438103472562
8.5,6.3,1.24,-157.8789946006106
11.4,6.3,1.24,-161.5418618740372
4.2,6.4,1.24,-156.7828253277378
10.9,6.2,2.72,-224.96792661701153
7.0,6.2,2.25,-179.26778274350536
7.6,6.4,1.24,-159.73336302783363
10.5,6.4,1.24,-163.9496060167504
13.4,6.4,1.24,-168.1187949269016
2.1,6.1,2.53,-160.9829123310456
5.5,6.1,2.53,-174.9417922074755
3.3,6.5,1.24,-158.24675923358646
8.4,6.1,2.53,-192.42178777415495
11.3,6.1,2.53,-215.553718145546
6.7,6.5,1.24,-161.07160694623312
9.9,6.2,2.25,-195.94115076782475
13.8,6.2,2.72,-261.0185201792211
12.8,6.2,2.25,-218.49753749041932
3.7,6.3,2.72,-176.58643855203675
7.1,6.3,2.72,-197.91604092769683
4.1,6.2,2.53,-171.76257350346066
10.0,6.3,2.72,-221.62220345991514
4.6,6.2,2.53,-174.0654766399537
9.6,6.5,1.24,-164.846639030611
12.5,6.5,1.24,-168.8045129618976
2.7,6.3,2.25,-165.67833496772172
12.9,6.3,2.72,-250.97089851622792
7.5,6.2,2.53,-190.30571454154267
2.4,6.6,1.24,-160.67516874006293
2.8,6.4,2.72,-176.2118626381378
6.1,6.3,2.25,-178.44381677681454
6.2,6.4,2.72,-195.2706002023424
9.0,6.3,2.25,-194.30224960654556
11.9,6.3,2.25,-214.5169900718605
9.1,6.4,2.72,-218.08107222616752
12.0,6.4,2.72,-246.12610974175493
10.4,6.2,2.53,-212.03720887560394
4.7,6.4,2.25,-175.4435688260521
5.2,6.4,2.25,-177.77756306004972
8.1,6.4,2.25,-192.75532785457722
13.3,6.2,2.53,-239.8615094791636
4.8,6.5,2.72,-190.3740334351646
5.3,6.5,2.72,-193.22188186611857
11.0,6.4,2.25,-212.2351094786977
3.2,6.3,2.53,-171.67262950487662
13.9,6.4,2.25,-239.07611336816467
3.8,6.5,2.25,-175.55283489714023
8.2,6.5,2.72,-214.65694907186773
11.1,6.5,2.72,-241.32147760166066
5.8,6.6,1.24,-162.93188637717847
8.7,6.6,1.24,-166.4191950481959
7.2,6.5,2.25,-191.25217242259075
11.6,6.6,1.24,-171.11392964359015
10.1,6.5,2.25,-209.425117767417
6.6,6.3,2.53,-188.74561969450212
9.5,6.3,2.53,-209.06624021509947
12.4,6.3,2.53,-235.2013698615487
4.4,6.7,1.24,-164.2371645881939
7.8,6.7,1.24,-167.71071266635423
2.3,6.4,2.53,-171.49176655198977
14.0,6.5,2.72,-274.8886429077828
5.7,6.4,2.53,-187.0268288291098
8.6,6.4,2.53,-206.5881334972534
3.9,6.6,2.72,-188.5597666750309
10.7,6.7,1.24,-171.62441010881474
11.5,6.4,2.53,-230.861640979176
13.6,6.7,1.24,-177.55338566656556
13.0,6.5,2.25,-233.32997809986472
2.9,6.6,2.25,-175.31664491402984
6.3,6.6,2.25,-189.67520678574422
3.5,6.8,1.24,-165.9706249730054
4.3,6.5,2.53,-182.74907026580138
7.7,6.5,2.53,-203.7009561260386
9.2,6.6,2.25,-207.2846117139013
7.3,6.6,2.72,-211.80344028031914
12.1,6.6,2.25,-229.8239442903387
2.0,6.7,2.25,-175.1811441884943
6.9,6.8,1.24,-169.30864342187405
10.2,6.6,2.72,-236.59156643254116
10.6,6.5,2.53,-227.1805776005293
9.8,6.8,1.24,-173.36513408921948
4.9,6.7,2.25,-186.27513070666038
13.5,6.5,2.53,-259.0458345563759
13.1,6.6,2.72,-266.26541923471797
3.4,6.6,2.53,-181.76039914576887
3.0,6.7,2.72,-186.98945666070466
8.3,6.7,2.25,-205.19320565600935
12.7,6.8,1.24,-178.41484787208182
11.2,6.7,2.25,-225.64253328696515
4.0,6.8,2.25,-185.8376683315283
2.6,6.9,1.24,-167.92501007087435
7.4,6.8,2.25,-203.1802479417506
6.8,6.6,2.53,-201.52769659776254
9.7,6.6,2.53,-223.34106057384935
12.6,6.6,2.53,-250.59748405043786
5.5,6.9,1.24,-170.33427144901816
2.5,6.7,2.53,-181.45579252626905
6.4,6.7,2.72,-208.57171440219463
9.3,6.7,2.72,-232.74190252731324
5.4,6.7,2.53,-196.12059234485724
5.9,6.7,2.53,-199.16133428405823
12.2,6.7,2.72,-261.1577500152376
2.1,6.8,2.72,-185.85499521190698
8.8,6.7,2.53,-220.3376116189653
10.3,6.8,2.25,-223.06232962585037
8.9,6.9,1.24,-174.76601173416833
5.0,6.8,2.72,-202.20478892356834
8.4,6.8,2.72,-229.16865502690396
11.3,6.8,2.72,-255.8944759333461
11.7,6.7,2.53,-244.95928525901556
11.8,6.9,1.24,-179.04124056459915
4.6,7.0,1.24,-172.33597277311657
13.2,6.8,2.25,-247.6916977331377
4.5,6.8,2.53,-194.20665651380776
4.1,6.9,2.72,-200.6351330306701
3.1,6.9,2.25,-185.63693843379502
7.5,6.9,2.72,-225.5322761917982
8.0,7.0,1.24,-176.1588976237235
10.9,7.0,1.24,-180.3806163186332
6.0,6.9,2.25,-198.5645484541362
6.5,6.9,2.25,-201.51425570962007
10.4,6.9,2.72,-251.2477856722913
13.8,7.0,1.24,-186.51721455220064
7.9,6.8,2.53,-217.17499098739293
10.8,6.8,2.53,-241.56363659987738
3.7,7.1,1.24,-173.75391899016748
13.7,6.8,2.53,-273.6149443733987
9.4,6.9,2.25,-220.2566956279335
13.3,6.9,2.72,-280.92635133739867
3.6,6.9,2.53,-193.28767775004448
7.0,6.9,2.53,-214.17298791507503
12.3,6.9,2.25,-244.5120330762764
2.2,7.0,2.25,-185.2201331886153
6.6,7.1,1.24,-177.06779766327963
9.9,6.9,2.53,-237.5164454217045
3.2,7.0,2.72,-198.44998871747683
7.1,7.1,1.24,-177.54740457480173
6.1,7.0,2.72,-218.11029123104865
5.1,7.0,2.25,-197.20617491376927
10.0,7.1,1.24,-181.84966029047322
12.9,7.1,1.24,-186.58925039837774
9.5,7.0,2.72,-246.89387405804717
12.4,7.0,2.72,-274.55426933297093
8.5,7.0,2.25,-217.96000709697165
2.3,7.1,2.72,-197.22517910349902
12.8,6.9,2.53,-265.65997254628945
11.4,7.0,2.25,-239.86844810207452
5.2,7.1,2.72,-215.19498310568437
4.2,7.1,2.25,-196.51223460641998
7.6,7.1,2.25,-215.43777147317726
10.5,7.1,2.25,-236.67513518468496
2.7,7.0,2.53,-192.05579740969887
13.4,7.1,2.25,-261.56335264665665
3.3,7.2,2.25,-195.7600566086233
8.6,7.1,2.72,-243.0537551480445
2.8,7.2,1.24,-175.72403013281286
11.5,7.1,2.72,-269.9008732216124
5.7,7.2,1.24,-178.38616001094783
9.1,7.2,1.24,-182.87570358520554
4.3,7.2,2.72,-212.3475566072583
5.6,7.0,2.53,-208.23866903771406
12.0,7.2,1.24,-188.0823477161806
4.8,7.3,1.24,-180.21316243775638
9.0,7.0,2.53,-233.8001873142358
11.9,7.0,2.53,-259.80373823759817
4.7,7.1,2.53,-206.26371919088115
7.2,7.2,2.72,-234.57388243732817
8.2,7.3,1.24,-184.474956102396
8.1,7.1,2.53,-230.4616514813298
6.2,7.2,2.25,-210.3882433374871
11.1,7.3,1.24,-189.06801284278276
7.7,7.2,2.72,-239.01143447919134
10.6,7.2,2.72,-265.4324918647194
13.5,7.2,2.72,-297.86478293731415
9.6,7.2,2.25,-233.1740268364495
12.5,7.2,2.25,-256.9609198410341
2.4,7.3,2.25,-195.43312125739752
3.4,7.3,2.72,-210.01824605280876
14.0,7.3,1.24,-194.84963113309223
6.3,7.3,2.72,-230.98424726703817
5.3,7.3,2.25,-208.7187305131414
9.7,7.3,2.72,-260.66383006981744
3.9,7.4,1.24,-182.21562389475704
6.8,7.4,1.24,-185.01719737644987
12.6,7.3,2.72,-289.0963603549022
8.7,7.3,2.25,-230.46474667613094
11.0,7.1,2.53,-255.5254151622068
10.2,7.4,1.24,-190.43091813484926
13.9,7.1,2.53,-286.891774355336
13.1,7.4,1.24,-195.72780161494074
3.8,7.2,2.53,-204.48998920122008
3.0,7.5,1.24,-183.29226615924813
11.6,7.3,2.25,-253.1990173554554
6.7,7.2,2.53,-223.4509991764751
10.1,7.2,2.53,-251.18316366003302
4.4,7.4,2.25,-207.16626253987386
13.0,7.2,2.53,-278.17800127162246
2.5,7.4,2.72,-208.40474146929634
2.9,7.3,2.53,-202.9646132032144
7.3,7.4,2.25,-224.31988622803652
5.8,7.3,2.53,-220.57222515089765
9.2,7.3,2.53,-247.31937423650004
10.7,7.4,2.25,-249.62612878296736
12.1,7.3,2.53,-274.642651053922
13.6,7.4,2.25,-277.9526525510614
5.9,7.5,1.24,-186.61270573335796
3.5,7.5,2.25,-206.06122044839205
5.4,7.4,2.72,-227.83826548209197
8.8,7.4,2.72,-256.6106769234427
2.0,7.4,2.53,-201.9663616677209
4.9,7.4,2.53,-218.18974421485393
11.7,7.4,2.72,-282.9909600759794
4.5,7.5,2.72,-224.70399863747113
6.4,7.5,2.25,-222.082424245067
9.8,7.5,2.25,-245.9518459325192
7.4,7.5,2.72,-248.09882006151255
12.7,7.5,2.25,-269.9917398136807
10.8,7.5,2.72,-278.621978565214
7.8,7.4,2.53,-239.70286299782472
13.7,7.5,2.72,-309.37752981930987
9.3,7.5,1.24,-191.41672247642373
8.3,7.4,2.53,-243.6937846803122
2.6,7.6,2.25,-205.50613968475727
11.2,7.4,2.53,-268.8785580323582
3.6,7.6,2.72,-222.09439941971704
5.5,7.6,2.25,-220.09078433295306
6.5,7.6,2.72,-244.08364535076163
4.0,7.5,2.53,-215.5569105275773
12.2,7.5,1.24,-196.61068362339054
8.4,7.6,2.25,-238.98823871187534
9.9,7.6,2.72,-273.6975851594663
12.8,7.6,2.72,-300.7862770887657
2.1,7.6,1.24,-185.4470071569308
6.9,7.5,2.53,-236.3545221914626
2.7,7.7,2.72,-219.58986306914505
8.9,7.6,2.25,-242.90259951303264
10.3,7.5,2.53,-264.4123206911573
5.6,7.7,2.72,-240.3385666188072
8.5,7.7,2.72,-264.95640861204856
11.8,7.6,2.25,-265.9455149250866
11.9,7.7,2.72,-295.0815694151811
5.0,7.6,1.24,-188.26431161783486
7.9,7.6,1.24,-191.9675453688491
4.6,7.7,2.25,-218.14128625977256
4.7,7.8,2.72,-236.98995842036538
13.2,7.5,2.53,-290.70135753337155
3.1,7.6,2.53,-214.3629180061418
6.0,7.6,2.53,-233.14496897375375
7.5,7.7,2.25,-236.31112963439617
7.6,7.8,2.72,-260.9817920112271
11.0,7.8,2.72,-290.9708606349814
10.9,7.7,2.25,-261.96170310063036
13.9,7.8,2.72,-318.94549286659014
11.3,7.6,1.24,-197.86676783814283
9.4,7.6,2.53,-260.3219272434576
3.8,7.9,2.72,-233.81342183230203
4.1,7.7,1.24,-189.62976811915988
7.0,7.7,1.24,-193.3333159952705
13.8,7.7,2.25,-290.6950944900555
12.3,7.6,2.53,-286.7903060287575
3.7,7.8,2.25,-216.6452565527448
10.4,7.7,1.24,-199.15579747616633
6.6,7.8,2.25,-233.90485099526896
13.3,7.7,1.24,-205.5259550625421
10.0,7.8,2.25,-258.3373441613126
6.7,7.9,2.72,-256.9081133950204
2.2,7.7,2.53,-212.71698797906754
5.1,7.7,2.53,-229.8951342649632
12.9,7.8,2.25,-282.87555462809274
9.6,7.9,2.72,-281.87642831231636
10.1,7.9,2.72,-286.1519831555949
3.2,7.8,1.24,-191.37016859124296
6.1,7.8,1.24,-194.8276209089469
8.0,7.7,2.53,-252.29513786886702
11.4,7.7,2.53,-281.2362366586819
9.0,7.8,1.24,-199.2769918745372
4.2,7.8,2.53,-227.69360293720536
9.5,7.8,1.24,-199.9748904296687
7.1,7.8,2.53,-248.705674561875
10.5,7.8,2.53,-277.3422853172384
13.4,7.8,2.53,-303.0575522102801
3.3,7.9,2.53,-225.51085895298476
2.8,7.9,2.25,-215.58111439768075
13.0,7.9,2.72,-312.1272342044403
5.7,7.9,2.25,-231.5566930078541
12.4,7.8,1.24,-206.4937140922002
6.2,7.9,2.53,-245.44606869408824
2.3,7.9,1.24,-192.9717400053569
8.6,7.9,2.25,-251.40612388109815
9.1,7.9,2.53,-268.70007064243896
12.0,7.9,2.25,-279.0304356208775
12.5,7.9,2.53,-298.7220619692312
4.8,8.0,2.25,-229.4287057484271
2.4,8.0,2.53,-223.64513472037092
5.3,8.0,2.53,-242.31374525013933
7.7,8.0,2.25,-248.20780302449572
8.2,8.0,2.53,-264.7633196280276
2.9,8.0,2.72,-231.0977769040092
5.2,7.9,1.24,-196.08702142590153
5.8,8.0,2.72,-252.9966161149676
8.1,7.9,1.24,-200.33579485511106
11.6,8.0,2.53,-293.4341694831074
11.5,7.9,1.24,-206.6306545691082
4.3,8.0,1.24,-197.7157215067194
8.7,8.0,2.72,-277.57862695884126
12.1,8.0,2.72,-307.9493969616062
4.4,8.1,2.53,-239.04052455201676
7.3,8.1,2.53,-261.1070032115043
7.2,8.0,1.24,-201.79927600014096
10.6,8.0,1.24,-207.6488635977244
13.5,8.0,1.24,-215.0428990184602
2.0,8.1,2.72,-229.4255046203335
11.1,8.0,2.25,-274.35067468435784
10.2,8.1,2.53,-284.8158433666187
10.7,8.1,2.53,-289.3379566323244
4.9,8.1,2.72,-249.51789719881177
14.0,8.0,2.25,-301.0463269049117
13.6,8.1,2.53,-318.6416428085354
7.8,8.1,2.72,-273.6461320168438
3.4,8.1,1.24,-199.3560249052523
3.9,8.1,2.25,-227.55725242791243
11.2,8.1,2.72,-302.46006777267127
4.0,8.2,2.72,-245.97164432369397
6.8,8.1,2.25,-245.42449400313745
6.9,8.2,2.72,-269.5968766349424
3.5,8.2,2.53,-236.54176157364373
9.8,8.2,2.72,-293.8479247181432
9.7,8.1,2.25,-266.53780125512003
6.3,8.1,1.24,-203.03442056525208
13.2,8.2,2.72,-322.7130742161944
9.2,8.1,1.24,-207.5819560812179
3.1,8.3,2.72,-243.1193488189429
12.6,8.1,1.24,-214.5660252563172
6.0,8.3,2.72,-265.56666941250865
8.9,8.3,2.72,-289.76046405730557
2.5,8.2,1.24,-200.87594984056594
13.1,8.1,2.25,-294.35851820808523
12.3,8.3,2.72,-318.6474266581671
5.4,8.2,1.24,-204.20303564318448
6.4,8.2,2.53,-257.4306064245609
8.3,8.2,1.24,-208.76162401677098
3.0,8.2,2.25,-225.86925393610684
9.3,8.2,2.53,-280.83297018218934
5.9,8.2,2.25,-242.74986435648458
11.7,8.2,1.24,-215.3522298848672
8.8,8.2,2.25,-263.1565595768361
2.2,8.4,2.72,-240.2616855531634
4.5,8.3,1.24,-205.7266005645655
12.2,8.2,2.25,-290.46297038503087
5.1,8.4,2.72,-261.44201358674053
12.7,8.2,2.53,-309.78956404202745
2.1,8.3,2.25,-225.02639648427444
7.4,8.3,1.24,-210.03525506998568
8.0,8.4,2.72,-285.51352298562637
5.0,8.3,2.25,-240.5068882622121
7.9,8.3,2.25,-260.007670995093
10.3,8.3,1.24,-215.30739002242993
13.7,8.3,1.24,-223.899056879966
10.9,8.4,2.72,-309.33817048852103
3.6,8.4,1.24,-207.02325350661206
4.2,8.5,2.72,-257.9804586809636
7.1,8.5,2.72,-281.38945052525384
10.0,8.5,2.72,-305.215371673109
13.4,8.5,2.72,-335.7925515892917
10.8,8.3,2.25,-282.18968178376605
3.3,8.6,2.72,-254.8411123791783
6.2,8.6,2.72,-277.72941841878134
2.6,8.3,2.53,-234.84758624662152
6.5,8.4,1.24,-211.2343183804386
9.4,8.4,1.24,-216.32673758618446
5.5,8.3,2.53,-254.07781901401384
9.1,8.6,2.72,-301.16714436883046
12.0,8.6,2.72,-325.35386063908095
12.5,8.6,2.72,-328.64685953159096
8.4,8.3,2.53,-276.90681764422555
12.8,8.4,1.24,-224.32056389320883
2.7,8.5,1.24,-208.71575274898922
11.8,8.3,2.53,-304.6847774240936
2.4,8.7,2.72,-252.0345499371412
5.6,8.5,1.24,-212.228496564648
4.6,8.4,2.53,-250.95463921496338
8.5,8.5,1.24,-217.37213569335125
5.3,8.7,2.72,-273.90106579639496
11.3,8.3,2.25,-285.9973088633854
8.2,8.7,2.72,-297.1398836192193
7.5,8.4,2.53,-272.8538672784562
10.4,8.4,2.53,-296.53612024603746
13.8,8.4,2.53,-328.25691055767504
4.1,8.4,2.25,-238.5397383837677
7.0,8.4,2.25,-256.977379227066
9.9,8.4,2.25,-278.1571604770778
11.4,8.5,1.24,-223.89458180303996
13.3,8.4,2.25,-305.38500227101906
11.1,8.7,2.72,-320.1732510346348
4.4,8.8,2.72,-269.8772238330041
3.7,8.5,2.53,-247.80509721471074
6.6,8.5,2.53,-269.56670965730524
3.2,8.5,2.25,-236.49260731647337
6.1,8.5,2.25,-254.21612465213065
9.5,8.5,2.53,-292.3407300211604
12.9,8.5,2.53,-320.07648183627475
11.9,8.5,1.24,-225.11220077111625
7.3,8.8,2.72,-293.3802555321181
10.2,8.8,2.72,-316.3651052170347
9.0,8.5,2.25,-274.7100588301521
12.4,8.5,2.25,-301.5141873805201
13.6,8.8,2.72,-347.0315628444394
3.5,8.9,2.72,-266.41516258705116
2.3,8.6,2.25,-234.9747556944664
4.7,8.6,1.24,-213.58841794278982
5.2,8.6,2.25,-251.5633024631859
6.4,8.9,2.72,-289.4254444411698
9.3,8.9,2.72,-312.2083228607166
2.8,8.6,2.53,-245.6077182912266
8.1,8.6,2.25,-271.621993034017
11.0,8.6,2.25,-293.2961181475912
4.3,8.7,2.25,-249.17518641751587
7.6,8.6,1.24,-218.18919111088874
12.2,8.9,2.72,-335.0552726136864
5.7,8.6,2.53,-266.0870980263549
8.6,8.6,2.53,-288.6250702845276
2.6,9.0,2.72,-263.81255523183677
10.5,8.6,1.24,-223.94712484620686
7.2,8.7,2.25,-268.2004338642446
10.1,8.7,2.25,-289.41344148745367
13.9,8.6,1.24,-232.02363930384075
13.5,8.7,2.25,-319.00767713585384
3.4,8.8,2.25,-247.1001599898517
3.8,8.7,1.24,-215.15812428337748
5.5,9.0,2.72,-285.6695208818036
6.7,8.7,1.24,-219.50609511085858
11.5,8.6,2.53,-311.58664883476786
9.6,8.7,1.24,-224.91858900345176
13.0,8.7,1.24,-232.33998212777888
8.4,9.0,2.72,-308.4314331372362
2.9,8.8,1.24,-216.51136303421308
11.3,9.0,2.72,-330.37652009191737
4.8,8.7,2.53,-262.6171554452527
5.8,8.8,1.24,-220.47272226685212
7.7,8.7,2.53,-284.7352735490956
4.6,9.1,2.72,-281.76721808158544
6.3,8.8,2.25,-265.5549517807666
7.5,9.1,2.72,-304.72782194976895
9.2,8.8,2.25,-285.9267519878867
8.7,8.8,1.24,-225.5096312007999
11.6,8.8,1.24,-231.81618102049833
10.4,9.1,2.72,-326.59412646364706
13.3,9.1,2.72,-347.61898294637973
12.1,8.8,2.25,-308.4379464291284
2.5,8.9,2.25,-245.6874794266168
5.4,8.9,2.25,-262.573412742201
2.0,8.9,1.24,-218.16627993171545
3.7,9.2,2.72,-278.2295949471892
4.9,8.9,1.24,-221.70148549790426
10.6,8.7,2.53,-307.80217027558103
7.8,8.9,1.24,-226.71731116950664
10.7,8.9,1.24,-233.36966208073986
14.0,8.7,2.53,-336.5982572810785
4.0,9.0,1.24,-223.16566807419443
6.6,9.2,2.72,-301.0000955468216
6.9,9.0,1.24,-227.70251947229286
9.8,9.0,1.24,-233.2042484092226
8.3,8.9,2.25,-282.5876362683869
3.9,8.8,2.53,-259.53913566827305
9.5,9.2,2.72,-322.3439049445349
12.4,9.2,2.72,-344.5717581061828
11.2,8.9,2.25,-303.87391824728115
2.3,9.3,2.72,-271.3814583006444
4.5,9.0,2.25,-260.2365919105366
7.4,9.0,2.25,-279.5115238930753
2.8,9.3,2.72,-275.09918107233113
6.8,8.8,2.53,-281.2655756729756
10.3,9.0,2.25,-300.7345997744305
5.7,9.3,2.72,-297.13596993389916
13.2,9.0,2.25,-321.95206994456754
13.7,9.0,2.25,-327.6465443827185
9.7,8.8,2.53,-303.4961549084352
8.6,9.3,2.72,-319.61061784571535
3.6,9.1,2.25,-258.15847977091477
11.5,9.3,2.72,-340.13849972263
6.5,9.1,2.25,-276.49910296880074
4.8,9.4,2.72,-293.4360955933967
9.4,9.1,2.25,-296.79791518971047
12.3,9.1,2.25,-318.5806367405355
7.7,9.4,2.72,-315.63165615285163
2.7,9.2,2.25,-256.17818885066663
12.7,9.0,1.24,-240.82907763708243
12.6,8.8,2.53,-326.4827566081469
13.1,8.8,2.53,-330.04349121963776
10.6,9.4,2.72,-337.0645781024021
3.0,8.9,2.53,-256.66706022159735
5.9,8.9,2.53,-277.64897681092407
8.8,8.9,2.53,-299.7081419455496
3.1,9.1,1.24,-224.55567895987593
6.0,9.1,1.24,-228.8020809736845
8.9,9.1,1.24,-233.96311691890685
11.7,8.9,2.53,-321.61422051463046
13.5,9.4,2.72,-361.2262450931672
3.9,9.5,2.72,-289.6973966138713
6.8,9.5,2.72,-311.8926564527917
5.6,9.2,2.25,-273.62755524893686
9.7,9.5,2.72,-332.4246459034109
2.1,9.0,2.53,-254.5207651376358
5.0,9.0,2.53,-274.3047064663353
12.6,9.5,2.72,-353.69090089670306
11.8,9.1,1.24,-240.56592299434496
2.5,9.6,2.72,-282.7774859118308
8.5,9.2,2.25,-293.227409668049
5.9,9.6,2.72,-308.3930467009763
8.8,9.6,2.72,-329.9179517751073
11.7,9.6,2.72,-350.8380151118414
11.4,9.2,2.25,-314.45043727950616
5.0,9.7,2.72,-304.7156105832971
4.7,9.3,2.25,-270.91515859044455
7.9,9.7,2.72,-326.10810728231104
2.2,9.2,1.24,-226.08835874762562
7.6,9.3,2.25,-290.37326589693635
10.8,9.7,2.72,-346.5104171407526
10.5,9.3,2.25,-311.21695306547616
13.4,9.3,2.25,-335.29597812512895
7.9,9.0,2.53,-296.1826126246437
13.7,9.7,2.72,-369.7074665737453
3.6,9.8,2.72,-297.54794559676264
5.1,9.2,1.24,-229.79045003008147
7.0,9.8,2.72,-322.5830736252293
8.0,9.2,1.24,-235.04035518117325
10.9,9.2,1.24,-241.0432683066574
13.8,9.2,1.24,-249.62566560487625
4.2,9.3,1.24,-230.99689748031403
3.8,9.4,2.25,-268.68413010324207
10.8,9.0,2.53,-318.2969321450367
9.9,9.8,2.72,-343.570692595941
4.1,9.1,2.53,-270.8953714993602
7.1,9.3,1.24,-235.88837527711902
6.7,9.4,2.25,-287.39220392107694
7.0,9.1,2.53,-292.6302114076743
9.9,9.1,2.53,-314.0891700513784
12.8,9.1,2.53,-336.09037494958295
9.6,9.4,2.25,-307.6125171785557
12.5,9.4,2.25,-328.2904569285462
12.8,9.8,2.72,-362.6048249294086
10.0,9.3,1.24,-241.76111305650153
3.2,9.2,2.53,-267.9523072282468
12.9,9.3,1.24,-248.69368164688814
3.3,9.4,1.24,-232.29633479395437
6.2,9.4,1.24,-236.83354116306361
6.1,9.2,2.53,-289.1336175990298
9.0,9.2,2.53,-310.2246240530055
2.7,9.9,2.72,-294.5816252041187
2.4,9.5,2.25,-263.9982538036711
5.8,9.5,2.25,-284.68319923754314
6.1,9.9,2.72,-319.43086964526333
8.7,9.5,2.25,-303.6786741923568
11.9,9.2,2.53,-332.9016435561253
5.2,9.3,2.53,-285.46441875798575
11.6,9.5,2.25,-325.2028845876185
4.9,9.6,2.25,-281.86961745403767
8.1,9.3,2.53,-307.07114658911195
9.0,9.9,2.72,-338.9385842990648
9.1,9.4,1.24,-243.59371686328652
11.9,9.9,2.72,-359.8938301225586
4.7,10.0,2.72,-312.0734576705494
11.0,9.3,2.53,-328.3955711126589
7.8,9.6,2.25,-301.0982938231
10.7,9.6,2.25,-321.08937884508265
13.9,9.3,2.53,-351.82115571420286
12.0,9.4,1.24,-250.04030774840322
13.6,9.6,2.25,-344.02445315404805
4.3,9.4,2.53,-282.21386076177157
5.2,10.0,2.72,-315.91894551345115
5.3,9.5,1.24,-237.82106576711868
3.5,9.7,2.25,-276.4698385516702
8.2,9.5,1.24,-243.3949983748555
8.1,10.0,2.72,-336.84525556832205
11.0,10.0,2.72,-355.80292689226076
13.9,10.0,2.72,-378.1617948154972
3.8,10.1,2.72,-308.6895383488986
7.2,9.4,2.53,-303.49917402233984
10.1,9.4,2.53,-325.12166724378216
4.0,9.7,2.25,-279.4034867718984
13.0,9.4,2.53,-345.4292860753592
6.9,9.7,2.25,-298.01256683964743
2.9,9.5,2.53,-276.0836673527514
11.1,9.5,1.24,-249.63799696821718
7.2,10.1,2.72,-333.08817206692675
14.0,9.5,1.24,-257.4731668800249
9.8,9.7,2.25,-317.87470437270485
3.4,9.5,2.53,-279.2867551192623
4.4,9.6,1.24,-239.24966978291985
10.1,10.1,2.72,-352.9309746859269
12.7,9.7,2.25,-337.59504164144874
2.6,9.8,2.25,-274.3197834935838
6.3,9.5,2.53,-300.2168168369508
9.2,9.5,2.53,-320.5700069507135
13.0,10.1,2.72,-371.51804551121984
12.1,9.5,2.53,-342.2437111080012
6.0,9.8,2.25,-295.2007000665171
7.3,9.6,1.24,-244.18703294744307
2.9,10.2,2.72,-305.7482716366486
8.9,9.8,2.25,-314.05265281232477
11.8,9.8,2.25,-334.70619492432184
5.1,9.9,2.25,-292.41946114760873
6.3,10.2,2.72,-330.12531457843056
9.2,10.2,2.72,-349.6137645591353
12.1,10.2,2.72,-369.0128674688084
2.0,9.6,2.53,-273.37865069005755
5.4,9.6,2.53,-296.80822961900367
8.0,9.9,2.25,-311.3304078540094
8.3,9.6,2.53,-318.1143382101171
10.9,9.9,2.25,-330.85879076476783
10.2,9.6,1.24,-250.36880683368716
13.1,9.6,1.24,-257.3896079920059
3.0,9.7,1.24,-239.72979953122473
13.8,9.9,2.25,-352.5656011476856
11.2,9.6,2.53,-338.1650053892504
6.4,9.7,1.24,-244.9560928470977
3.7,10.0,2.25,-287.0632726486111
9.3,9.7,1.24,-251.10621095699952
7.1,10.0,2.25,-308.39742708658355
2.0,10.3,2.72,-302.6757243797163
4.5,9.7,2.53,-293.55884883599737
7.4,9.7,2.53,-314.220526940648
10.0,10.0,2.25,-327.860354926828
10.3,9.7,2.53,-334.94514170399225
12.2,9.7,1.24,-258.6763057140239
4.9,10.3,2.72,-323.03531834286906
2.1,9.8,1.24,-241.08948453845971
5.5,9.8,1.24,-245.99569498008498
8.3,10.3,2.72,-345.5149096166703
8.4,9.8,1.24,-251.8357941868118
13.2,9.7,2.53,-354.34095834851985
3.1,9.8,2.53,-286.9635904968429
11.3,9.8,1.24,-258.18695633071815
4.1,9.9,1.24,-246.39101385246494
4.6,9.9,1.24,-247.12466268108292
12.9,10.0,2.25,-346.67830198652933
11.2,10.3,2.72,-364.9548577047738
6.5,9.8,2.53,-310.93325689493486
4.0,10.4,2.72,-319.6220314258152
9.4,9.8,2.53,-330.60802977779457
7.4,10.4,2.72,-342.9926767444228
7.5,9.9,1.24,-252.36326808060022
10.4,9.9,1.24,-258.9941852162519
2.8,10.1,2.25,-284.7567906170459
6.2,10.1,2.25,-305.6692382661886
10.3,10.4,2.72,-361.8120878590253
13.3,9.9,1.24,-266.68558862033177
13.2,10.4,2.72,-380.16191511183706
3.1,10.5,2.72,-316.5558411519448
12.3,9.8,2.53,-351.5499566554327
2.2,9.9,2.53,-284.22514345956705
9.1,10.1,2.25,-324.7918392224856
3.2,10.0,1.24,-247.72112061999232
5.6,9.9,2.53,-307.70015221158513
12.0,10.1,2.25,-343.9487198232548
4.8,10.2,2.25,-299.8363927885453
8.5,9.9,2.53,-327.3511945771275
8.2,10.2,2.25,-321.8424171218624
6.6,10.0,1.24,-253.2976746310424
9.5,10.0,1.24,-259.3974037290277
11.4,9.9,2.53,-347.3963687392713
6.0,10.5,2.72,-336.6519285511884
12.4,10.0,1.24,-267.2655702346256
11.1,10.2,2.25,-340.1518854189506
9.4,10.5,2.72,-359.026954649468
4.2,10.0,2.53,-301.00301397151935
12.3,10.5,2.72,-377.5550703901191
2.3,10.1,1.24,-248.97339081572488
2.2,10.6,2.72,-313.6045723765708
14.0,10.2,2.25,-360.8634814532577
5.1,10.6,2.72,-333.60083112874446
8.5,10.6,2.72,-356.51492475447975
3.9,10.3,2.25,-297.43576299432476
7.3,10.3,2.25,-318.61985485665787
11.4,10.6,2.72,-373.69126410894194
5.7,10.1,1.24,-254.31005163757243
7.6,10.0,2.53,-324.6295646354577
4.2,10.7,2.72,-330.45856090634044
8.6,10.1,1.24,-260.18093937968416
11.5,10.1,1.24,-267.62513677037606
10.2,10.3,2.25,-337.5029908497078
7.1,10.7,2.72,-349.74294413981835
10.5,10.0,2.53,-344.63938168613555
13.1,10.3,2.25,-355.46804829219354
4.3,10.2,1.24,-254.5725630283288
7.6,10.7,2.72,-352.8955041887468
10.5,10.7,2.72,-371.08410869111617
13.4,10.0,2.53,-367.82922731045454
13.4,10.7,2.72,-394.70392436623365
7.7,10.2,1.24,-260.6493937799828
3.0,10.4,2.25,-295.09300881241916
10.6,10.2,1.24,-267.10121513262595
3.3,10.8,2.72,-327.2848704939326
6.2,10.8,2.72,-346.7820093968674
9.6,10.8,2.72,-368.4998555514379
5.9,10.4,2.25,-312.9316172305553
12.5,10.8,2.72,-386.8408297007405
3.3,10.1,2.53,-297.8832482452908
6.7,10.1,2.53,-321.4477462687012
13.5,10.2,1.24,-275.6555587006183
6.4,10.4,2.25,-315.9134680875825
9.3,10.4,2.25,-333.60777136956676
9.6,10.1,2.53,-341.21180530733136
12.5,10.1,2.53,-360.3922724184321
3.4,10.3,1.24,-255.71413146791508
6.8,10.3,1.24,-261.39388913769005
2.4,10.9,2.72,-324.37186192341557
5.3,10.9,2.72,-343.9975445013194
12.2,10.4,2.25,-352.9744788472123
8.7,10.9,2.72,-365.9280305221887
2.1,10.5,2.25,-293.3187269716136
9.7,10.3,1.24,-267.8319651719403
5.0,10.5,2.25,-310.21527864024654
8.4,10.5,2.25,-330.739411452797
11.6,10.9,2.72,-384.3810303378846
12.6,10.3,1.24,-274.81382819775484
4.4,11.0,2.72,-341.02228983707573
7.3,11.0,2.72,-359.51227919871036
10.7,11.0,2.72,-380.5637549609388
11.3,10.5,2.25,-349.3026849671656
2.5,10.4,1.24,-256.78181572041245
5.4,10.4,1.24,-261.5601834727422
4.1,10.6,2.25,-307.6040042581323
2.4,10.2,2.53,-295.18218979255516
13.6,11.0,2.72,-406.3245252033461
8.8,10.4,1.24,-268.2417979262348
5.3,10.2,2.53,-314.88170545597245
3.5,11.1,2.72,-338.31231253787996
5.8,10.2,2.53,-318.4638793623237
8.7,10.2,2.53,-338.2853749122112
7.5,10.6,2.25,-328.64258576535786
10.4,10.6,2.25,-346.7801483085906
11.6,10.2,2.53,-357.9076472895095
6.4,11.1,2.72,-356.84010133487226
4.4,10.3,2.53,-311.7207567511627
7.8,10.3,2.53,-334.6901480375862
10.7,10.3,2.53,-353.79367831110153
11.7,10.4,1.24,-276.0952550679976
13.6,10.3,2.53,-376.4222669729179
9.8,11.1,2.72,-377.98943592009545
3.5,10.4,2.53,-308.82972740311175
13.3,10.6,2.25,-368.70798317260954
6.9,10.4,2.53,-331.6993565725244
9.8,10.4,2.53,-351.2060736037624
3.2,10.7,2.25,-305.565746537765
12.7,10.4,2.53,-369.2561774301537
2.6,10.5,2.53,-306.24829639558044
4.5,10.5,1.24,-262.34419003627727
12.7,11.1,2.72,-396.3711003739819
7.9,10.5,1.24,-268.92720560670955
2.6,11.2,2.72,-335.1558862881908
6.1,10.7,2.25,-322.8152313681243
5.5,10.5,2.53,-325.5299407769305
5.5,11.2,2.72,-353.9681470493283
8.4,11.2,2.72,-372.4873465424176
10.8,10.5,1.24,-275.48135892833443
9.5,10.7,2.25,-343.01541689456405
8.9,11.2,2.72,-375.4572871600644
11.8,11.2,2.72,-393.8155366813563
12.4,10.7,2.25,-361.7883315547319
2.3,10.8,2.25,-303.3874294074965
8.9,10.5,2.53,-346.8697102342197
11.8,10.5,2.53,-366.90411402747867
4.6,10.6,2.53,-322.52709177374066
13.7,10.5,1.24,-283.5905521543205
4.6,11.3,2.72,-351.43162577062424
8.0,10.6,2.53,-345.1479840033982
5.2,10.8,2.25,-320.33302507280723
10.9,10.6,2.53,-362.97432459556336
3.6,10.6,1.24,-263.5775169158079
8.6,10.8,2.25,-341.23055842012474
7.5,11.3,2.72,-369.17186959500555
11.5,10.8,2.25,-359.52294026646683
10.9,11.3,2.72,-389.729647970164
4.3,10.9,2.25,-317.955556526121
13.8,11.3,2.72,-415.2519276407582
6.5,10.6,1.24,-268.6081825566664
13.8,10.6,2.53,-384.8712254248718
3.7,10.7,2.53,-319.64907672512516
7.0,10.6,1.24,-269.6282474562841
9.9,10.6,1.24,-275.9047339422468
3.7,11.4,2.72,-348.8023216896778
12.8,10.6,1.24,-284.14122694767707
2.7,10.7,1.24,-264.87110257758354
5.6,10.7,1.24,-269.5698338071291
7.2,10.9,2.25,-335.32379976393923
10.6,10.9,2.25,-355.8998624962886
9.0,10.7,1.24,-276.4551002924555
13.5,10.9,2.25,-377.01727728072126
11.9,10.7,1.24,-283.499382478514
6.6,10.7,2.53,-338.51800370050387
3.4,11.0,2.25,-315.49964478423436
4.7,10.8,1.24,-270.4590250479068
6.3,11.0,2.25,-332.7345139054963
9.7,11.0,2.25,-353.46154916122566
10.0,10.7,2.53,-360.45933207549876
12.6,11.0,2.25,-370.49546544945224
12.9,10.7,2.53,-378.2697132006967
2.5,11.1,2.25,-313.6804533514795
8.1,10.8,1.24,-278.3838149124477
11.0,10.8,1.24,-284.7550007491119
13.9,10.8,1.24,-291.8511172926748
2.8,10.8,2.53,-317.09584183152947
5.7,10.8,2.53,-335.60416862495674
6.6,11.4,2.72,-366.5981541258771
3.8,10.9,1.24,-271.6863724154799
10.0,11.4,2.72,-387.2829777722409
6.7,10.9,1.24,-276.9268383923428
5.4,11.1,2.25,-330.4311989171571
9.1,10.8,2.53,-357.390416404516
12.9,11.4,2.72,-405.7989276564454
10.1,10.9,1.24,-284.8319089654158
13.0,10.9,1.24,-292.43548466375785
8.8,11.1,2.25,-349.792623199447
11.7,11.1,2.25,-368.3524956642742
12.0,10.8,2.53,-375.42136140200756
4.5,11.2,2.25,-327.94738482009075
2.9,11.0,1.24,-272.9767236180272
2.8,11.5,2.72,-345.9214864539194
5.7,11.5,2.72,-364.28673911167374
7.4,11.2,2.25,-344.87964603290953
4.8,10.9,2.53,-332.88109278141457
5.8,11.0,1.24,-277.742508550408
7.7,10.9,2.53,-351.1487194681671
9.2,11.0,1.24,-285.83608114312284
10.8,11.2,2.25,-364.91392220662084
8.2,10.9,2.53,-354.7215060336223
8.6,11.5,2.72,-381.7556695107952
13.7,11.2,2.25,-385.4322680649496
12.1,11.0,1.24,-291.78922403025433
2.0,11.1,1.24,-274.4633144521942
3.6,11.3,2.25,-325.74187189323567
4.9,11.1,1.24,-278.6955483143989
11.1,10.9,2.53,-371.9287142035382
6.5,11.3,2.25,-342.39625891137746
14.0,10.9,2.53,-392.6556585055468
12.0,11.5,2.72,-404.19012566443274
9.9,11.3,2.25,-362.115070769142
12.8,11.3,2.25,-378.9422777963359
4.8,11.6,2.72,-361.4577130297112
2.7,11.4,2.25,-323.6976444539811
3.9,11.0,2.53,-329.92461908684686
7.8,11.1,1.24,-284.11558911814427
7.7,11.6,2.72,-378.78348867039193
8.3,11.1,1.24,-286.1937370779201
5.6,11.4,2.25,-339.9502066959835
6.8,11.0,2.53,-348.29796127495007
11.2,11.1,1.24,-292.0406984947376
11.1,11.6,2.72,-399.33604617892524
10.2,11.0,2.53,-369.42077142883466
4.0,11.2,1.24,-279.6176217873757
6.9,11.2,1.24,-284.953566412992
8.5,11.4,2.25,-357.1927960264013
14.0,11.6,2.72,-426.0466668679777
3.9,11.7,2.72,-359.1604074975614
10.3,11.2,1.24,-293.2488173474121
13.1,11.0,2.53,-386.93065003246727
3.0,11.1,2.53,-327.61531768428733
11.9,11.4,2.25,-376.7200822738016
4.7,11.5,2.25,-337.7699104436891
7.6,11.5,2.25,-354.95902474498
13.2,11.2,1.24,-300.7387919454498
5.9,11.1,2.53,-345.68992380967524
9.3,11.1,2.53,-366.64343786039484
11.0,11.5,2.25,-373.5718633634435
6.8,11.7,2.72,-376.4434474610776
12.2,11.1,2.53,-384.5341043382656
3.1,11.3,1.24,-280.86095183695573
2.1,11.2,2.53,-324.8879768146823
6.0,11.3,1.24,-285.95848475119885
9.7,11.7,2.72,-393.6670233467624
5.0,11.2,2.53,-342.87385000134753
9.4,11.3,1.24,-293.6208779220374
13.9,11.5,2.25,-393.1983878478887
12.3,11.3,1.24,-299.9224026761543
13.1,11.7,2.72,-418.09307822511323
3.0,11.8,2.72,-356.35244505199677
2.2,11.4,1.24,-282.13795316629944
5.1,11.4,1.24,-286.6983835835606
7.9,11.2,2.53,-361.3597709381193
3.8,11.6,2.25,-335.52863908669946
11.3,11.2,2.53,-380.78808545307686
6.7,11.6,2.25,-352.0693437000676
8.0,11.4,1.24,-292.53514044648347
11.4,11.4,1.24,-301.2347185821963
4.2,11.5,1.24,-287.80765628783604
4.1,11.3,2.53,-340.3499133672274
7.0,11.3,2.53,-358.212362649947
10.4,11.3,2.53,-378.402779559465
9.6,11.6,2.25,-368.78214237233124
10.1,11.6,2.25,-371.46760709578706
7.1,11.5,1.24,-293.0876074998596
5.9,11.8,2.72,-373.99939143458545
10.5,11.5,1.24,-300.59513627080224
8.8,11.8,2.72,-391.3519012412934
13.3,11.3,2.53,-402.36862821247314
12.2,11.8,2.72,-415.49207016108073
13.0,11.6,2.25,-387.80370753702766
2.1,11.9,2.72,-353.8361219508934
13.4,11.5,1.24,-308.4350071656026
2.9,11.7,2.25,-333.79302699791185
3.3,11.6,1.24,-288.78155329416865
5.0,11.9,2.72,-371.3847538837077
5.8,11.7,2.25,-349.5143680007279
8.7,11.7,2.25,-366.3267624156856
7.9,11.9,2.72,-388.29399329747605
3.2,11.4,2.53,-337.9262008303424
10.8,11.9,2.72,-406.15044347161347
11.3,11.9,2.72,-409.4982897817709
6.2,11.6,1.24,-293.8386079381786
6.1,11.4,2.53,-355.4507703993241
4.1,12.0,2.72,-369.24804219741424
9.1,11.6,1.24,-301.0274071124377
12.5,11.6,1.24,-309.0023374791274
2.4,11.7,1.24,-290.01570335271265
5.3,11.7,1.24,-294.9453982421213
12.1,11.7,2.25,-385.6638638339037
9.0,11.4,2.53,-373.19180464000976
2.0,11.8,2.25,-332.2300273780005
7.0,12.0,2.72,-385.939197674661
8.2,11.7,1.24,-301.6240742717775
9.9,12.0,2.72,-403.6879424703268
11.6,11.7,1.24,-308.3694992158474
9.5,11.4,2.53,-375.8739720795664
4.4,11.8,1.24,-295.6477461586975
13.3,12.0,2.72,-438.06999216806736
12.4,11.4,2.53,-393.8307664088976
2.3,11.5,2.53,-335.3199232573537
4.9,11.8,2.25,-347.6386582145013
5.2,11.5,2.53,-352.9476205677896
7.3,11.8,1.24,-302.28455258206566
8.1,11.5,2.53,-370.8383106550614
7.8,11.8,2.25,-364.32557273986134
11.5,11.5,2.53,-391.50181364373725
3.2,12.1,2.72,-366.7493705641591
11.2,11.8,2.25,-383.6966783511311
10.2,11.8,1.24,-307.55295778089175
10.7,11.8,1.24,-309.56526657484943
4.0,11.9,2.25,-345.63981164442436
4.3,11.6,2.53,-350.4429542090856
7.2,11.6,2.53,-367.6245344006698
13.6,11.8,1.24,-316.9161699289531
6.1,12.1,2.72,-383.9775464326647
3.5,11.9,1.24,-296.83155327582506
6.9,11.9,2.25,-361.2983585443053
6.4,11.9,1.24,-301.84844587561975
9.3,11.9,1.24,-307.88587744484767
10.6,11.6,2.53,-387.82316643067344
12.7,11.9,1.24,-316.0764198499835
9.8,11.9,2.25,-377.62492278918097
13.5,11.6,2.53,-413.63014524178755
3.4,11.7,2.53,-348.1994429905724
13.2,11.9,2.25,-403.7656763468746
6.3,11.7,2.53,-365.22987672673594
2.6,12.0,1.24,-297.9907655417251
9.2,11.7,2.53,-382.2908482210388
3.1,12.0,2.25,-343.6469104919547
9.0,12.1,2.72,-401.0477315131968
6.0,12.0,2.25,-359.35328511496493
8.9,12.0,2.25,-375.5684360915742
5.5,12.0,1.24,-302.6569550361501
12.3,12.0,2.25,-394.72210263717614
8.4,12.0,1.24,-309.7172218971885
2.2,12.1,2.25,-341.9233838127142
11.8,12.0,1.24,-317.39144937455296
12.4,12.1,2.72,-424.51611392875407
2.3,12.2,2.72,-364.1804191829032
4.6,12.1,1.24,-303.8284751435692
5.2,12.2,2.72,-381.5655208394627
5.1,12.1,2.25,-357.17222765577003
7.5,12.1,1.24,-309.3616058721937
10.4,12.1,1.24,-316.3651905154438
8.1,12.2,2.72,-399.3471738181311
8.0,12.1,2.25,-373.6349384761463
12.6,11.7,2.53,-404.570512236499
11.0,12.2,2.72,-416.3362319841502
4.3,12.3,2.72,-378.9315800248667
13.8,12.1,1.24,-324.3866215035708
7.2,12.3,2.72,-396.46171311946955
2.5,11.8,2.53,-345.55592337754615
3.7,12.2,1.24,-304.6358906908386
5.4,11.8,2.53,-362.9163898366121
10.9,12.1,2.25,-388.82909713283635
8.3,11.8,2.53,-379.99356044064865
10.1,12.3,2.72,-415.5425513351428
11.7,11.8,2.53,-402.6191668079054
13.5,12.3,2.72,-451.9162587520499
4.2,12.2,2.25,-355.2114048799582
4.5,11.9,2.53,-360.51545879307673
7.1,12.2,2.25,-370.804218037469
10.0,12.2,2.25,-386.7471659545166
3.4,12.4,2.72,-376.6092794965886
13.4,12.2,2.25,-411.5379696854847
6.6,12.2,1.24,-309.88211131985963
6.3,12.4,2.72,-393.5408828464409
3.3,12.3,2.25,-353.2018982781731
9.2,12.4,2.72,-410.9922545406939
7.4,11.9,2.53,-377.1765406511303
6.2,12.3,2.25,-368.77863389235745
10.3,11.9,2.53,-394.11986453050184
13.7,11.9,2.53,-423.0357677845018
9.1,12.3,2.25,-384.635717206278
12.0,12.3,2.25,-401.30085253424727
12.5,12.3,2.25,-404.00027372950547
9.5,12.2,1.24,-315.9542808048037
3.6,12.0,2.53,-358.27580207698105
12.1,12.4,2.72,-434.7040377621553
2.5,12.5,2.72,-374.5166945283541
2.4,12.4,2.25,-351.5692543105391
5.3,12.4,2.25,-366.84221187579533
8.2,12.4,2.25,-382.5719514065056
12.9,12.2,1.24,-325.0039496342687
2.8,12.3,1.24,-305.7842916354271
11.1,12.4,2.25,-398.0560210424801
5.4,12.5,2.72,-391.31026026055656
5.7,12.3,1.24,-311.11189613728243
4.4,12.5,2.25,-364.7808066064667
7.3,12.5,2.25,-380.12516207251247
6.5,12.0,2.53,-374.8149491351533
10.2,12.5,2.25,-396.0294254373898
13.6,12.5,2.25,-422.54883575093277
8.3,12.5,2.72,-409.3291811860496
9.4,12.0,2.53,-391.6021644806154
12.8,12.0,2.53,-413.29214049053076
3.5,12.6,2.25,-363.2679706361555
6.4,12.6,2.25,-378.09936853986045
2.7,12.1,2.53,-355.8335491294841
8.6,12.3,1.24,-317.6044863515315
9.3,12.6,2.25,-394.031519428743
12.2,12.6,2.25,-412.24444449209847
5.6,12.1,2.53,-372.7753423229893
8.5,12.1,2.53,-389.438273332343
11.2,12.5,2.72,-429.0135811733622
11.5,12.3,1.24,-323.18763767017185
4.8,12.4,1.24,-311.8517069721166
11.4,12.1,2.53,-407.5024069289561
2.6,12.7,2.25,-361.48313737114154
5.5,12.7,2.25,-376.1589776471078
4.5,12.6,2.72,-389.0452693279831
7.7,12.4,1.24,-317.3849898570993
7.4,12.6,2.72,-405.4688536444468
10.6,12.4,1.24,-323.6216423058131
11.9,12.1,2.53,-410.66509800341225
8.4,12.7,2.25,-391.8502713661009
4.7,12.2,2.53,-370.51101156331225
7.6,12.2,2.53,-386.6448863317067
11.3,12.7,2.25,-408.7837051793574
10.5,12.2,2.53,-403.7778539185208
13.9,12.2,2.53,-433.73110981200693
14.0,12.4,1.24,-332.06953508233863
10.3,12.6,2.72,-424.3490678695874
3.8,12.3,2.53,-368.19023235127537
13.2,12.6,2.72,-451.016522428756
3.9,12.5,1.24,-312.5938647955825
4.6,12.8,2.25,-374.53740316118774
13.7,12.6,2.72,-465.36653757491416
7.5,12.8,2.25,-390.0096867727652
10.4,12.8,2.25,-405.3845992570642
6.7,12.3,2.53,-384.4216040114112
6.8,12.5,1.24,-318.767563855636
13.3,12.8,2.25,-431.1924315634718
3.7,12.9,2.25,-372.773046274865
9.6,12.3,2.53,-401.4650713288555
9.7,12.5,1.24,-324.03189290084583
12.6,12.5,1.24,-330.71099057510634
3.6,12.7,2.72,-386.77391923440086
13.0,12.3,2.53,-425.8531076800467
6.6,12.9,2.25,-387.47199489869877
13.1,12.5,1.24,-333.5837403609608
9.5,12.9,2.25,-403.3914451836699
3.0,12.6,1.24,-313.6188648237792
6.5,12.7,2.72,-402.82408171883986
9.4,12.7,2.72,-421.4156058449041
12.3,12.7,2.72,-447.46580174739336
12.4,12.9,2.25,-420.82946971397706
2.9,12.4,2.53,-366.1511017917125
5.9,12.6,1.24,-318.6473838860072
5.8,12.4,2.53,-382.3204833982191
2.7,12.8,2.72,-384.64710939078947
8.7,12.4,2.53,-398.95165013286794
8.8,12.6,1.24,-324.69795987052225
11.6,12.4,2.53,-420.33760367817
5.6,12.8,2.72,-401.09651418959385
8.5,12.8,2.72,-418.74890891591855
11.4,12.8,2.72,-439.07412467811645
4.7,12.9,2.72,-398.8687771908719
7.6,12.9,2.72,-416.1459419273697
11.7,12.6,1.24,-331.1193639330556
2.1,12.7,1.24,-315.2259338738563
10.5,12.9,2.72,-435.3114293134785
2.3,13.0,2.25,-368.62145459855236
13.4,12.9,2.72,-475.56393636363475
5.0,12.7,1.24,-319.5720816120456
2.8,13.0,2.25,-371.0953698394583
7.9,12.7,1.24,-326.3824676357346
5.7,13.0,2.25,-385.54709508890505
3.8,13.0,2.72,-396.70685509917337
10.8,12.7,1.24,-332.0009924100522
8.6,13.0,2.25,-401.15167365890727
6.7,13.0,2.72,-414.00443893224184
4.1,12.8,1.24,-320.78211763102865
2.0,12.5,2.53,-364.0420482894901
4.9,12.5,2.53,-379.9664557461279
11.5,13.0,2.25,-419.67846645257134
7.8,12.5,2.53,-396.11286740227206
7.0,12.8,1.24,-327.1023052764585
10.7,12.5,2.53,-413.88309944294946
4.0,12.6,2.53,-377.8992467567053
6.9,12.6,2.53,-393.84096388148055
4.8,13.1,2.25,-383.8427805046111
7.7,13.1,2.25,-399.30329767844216
9.6,13.0,2.72,-432.72143845394913
12.5,13.0,2.72,-460.95712578428123
9.8,12.6,2.53,-411.07366802354977
9.9,12.8,1.24,-332.49292871457743
2.4,13.1,2.72,-391.81172946879815
10.6,13.1,2.25,-415.0823382502877
12.7,12.6,2.53,-433.28294229947477
3.1,12.7,2.53,-376.0088015982976
5.8,13.1,2.72,-410.87697333807654
12.8,12.8,1.24,-338.54355904735087
8.7,13.1,2.72,-429.72033104136733
11.6,13.1,2.72,-456.644731447662
6.0,12.7,2.53,-392.0055892869077
8.9,12.7,2.53,-408.79416472246936
11.8,12.7,2.53,-430.86032037139427
4.9,13.2,2.72,-408.78761141329994
7.8,13.2,2.72,-426.55588359894006
13.5,13.1,2.25,-441.76333268892284
3.9,13.2,2.25,-382.19012289595884
3.2,12.9,1.24,-321.851183518085
2.2,12.8,2.53,-374.0504218707398
6.8,13.2,2.25,-396.88095101956384
6.1,12.9,1.24,-327.39614998562445
9.7,13.2,2.25,-412.8693168805307
5.1,12.8,2.53,-389.9938665450161
9.0,12.9,1.24,-333.00393723497257
10.7,13.2,2.72,-449.41644174021644
8.0,12.8,2.53,-407.1641506328168
12.6,13.2,2.25,-433.24746499836243
10.9,12.8,2.53,-424.0372568217918
13.6,13.2,2.72,-493.77474274173164
2.5,13.3,2.25,-378.23444893791145
5.9,13.3,2.25,-394.93072944147633
3.5,13.3,2.72,-403.77659683837294
13.8,12.8,2.53,-455.87078889459224
8.8,13.3,2.25,-410.61551193255195
4.2,12.9,2.53,-387.7168677649344
11.7,13.3,2.25,-431.040854341939
11.9,12.9,1.24,-339.8725690552012
5.2,13.0,1.24,-327.6220893707717
5.0,13.4,2.25,-393.43970304442183
7.9,13.4,2.25,-409.27928127954056
8.1,13.0,1.24,-333.31084596068797
7.1,12.9,2.53,-404.2690253788768
11.0,13.0,1.24,-340.3367354860372
13.9,13.0,1.24,-346.51642563035705
10.0,12.9,2.53,-421.1088732521678
4.3,13.1,1.24,-328.71296514451427
10.8,13.4,2.25,-424.83810149942343
4.0,13.3,2.72,-406.4397631294938
12.9,12.9,2.53,-445.59270507703303
6.9,13.3,2.72,-424.1357271126445
3.3,13.0,2.53,-385.46867248227676
6.2,13.0,2.53,-402.2655683172476
7.2,13.1,1.24,-334.9262198593569
10.1,13.1,1.24,-340.6092775526018
13.7,13.4,2.25,-453.91463781397937
9.8,13.3,2.72,-445.91840229198743
3.6,13.5,2.25,-389.1373321521031
13.0,13.1,1.24,-348.2446874791811
9.1,13.0,2.53,-418.9124650713098
7.0,13.5,2.25,-406.5029111210708
9.9,13.5,2.25,-422.4826598893601
12.8,13.5,2.25,-444.1679225250496
12.7,13.3,2.72,-476.1464062210358
12.0,13.0,2.53,-442.6104933704919
2.6,13.4,2.72,-401.6946989111226
2.9,13.2,1.24,-328.68732805174466
3.4,13.2,1.24,-329.68960049501453
6.0,13.4,2.72,-420.8811642015007
5.3,13.1,2.53,-399.49016902702743
8.9,13.4,2.72,-440.7842345310291
2.7,13.6,2.25,-387.5319338788494
11.8,13.4,2.72,-470.87393326886934
5.1,13.5,2.72,-418.5155421408328
8.0,13.5,2.72,-437.1612240997873
6.3,13.2,1.24,-335.2915504252753
9.2,13.2,1.24,-340.3989585131241
8.2,13.1,2.53,-417.09395182781924
11.1,13.1,2.53,-436.9685995252961
10.9,13.5,2.72,-462.4424351326169
6.1,13.6,2.25,-405.1639637174178
12.1,13.2,1.24,-346.7954456711992
14.0,13.1,2.53,-471.4083229146044
9.0,13.6,2.25,-420.41036524346555
4.4,13.2,2.53,-397.45117647327123
11.9,13.6,2.25,-441.7009095703242
2.0,13.3,1.24,-329.9314165558367
4.7,13.7,2.25,-400.26731878297085
5.4,13.3,1.24,-335.35238859853035
8.3,13.3,1.24,-341.1828277109777
7.3,13.2,2.53,-412.9638661715917
11.2,13.3,1.24,-347.27366567106543
4.5,13.4,1.24,-336.4566219068637
5.2,13.7,2.25,-402.8361591860586
10.2,13.2,2.53,-433.98777773464155
7.4,13.4,1.24,-342.6508493159439
10.3,13.4,1.24,-348.1369809970294
13.1,13.2,2.53,-458.9524432474948
13.2,13.4,1.24,-355.88250856491004
13.8,13.5,2.72,-512.0379139933287
8.1,13.7,2.25,-418.4143410957478
3.7,13.6,2.72,-413.53536596224893
3.1,13.5,1.24,-336.5805778810107
11.0,13.7,2.25,-435.4322214754266
3.0,13.3,2.53,-392.9426481195761
6.4,13.3,2.53,-410.8412865716134
13.9,13.7,2.25,-465.4117535702036
7.1,13.6,2.72,-434.4942452411325
3.8,13.8,2.25,-398.6041852707558
6.5,13.5,1.24,-342.56713722702915
9.4,13.5,1.24,-348.83045299116696
10.0,13.6,2.72,-458.20145942356237
7.2,13.8,2.25,-416.4446765133766
10.1,13.8,2.25,-434.4367394095136
9.3,13.3,2.53,-429.34056477335656
13.0,13.8,2.25,-456.34841572766175
2.9,13.9,2.25,-397.3073840320257
6.3,13.9,2.25,-413.5313130734361
12.3,13.5,1.24,-354.5498753324105
9.2,13.9,2.25,-430.34532877229134
12.2,13.3,2.53,-455.1772054287204
12.9,13.6,2.72,-492.8390119269054
2.1,13.4,2.53,-391.01503500882444
12.1,13.9,2.25,-453.4136851668959
2.2,13.6,1.24,-338.10412050770776
5.6,13.6,1.24,-343.89845050507955
8.5,13.6,1.24,-349.5221747024949
5.5,13.4,2.53,-409.30541221785427
2.8,13.7,2.72,-411.639654672937
11.4,13.6,1.24,-355.07620497555075
8.4,13.4,2.53,-426.70524324869297
11.3,13.4,2.53,-446.81561032314636
2.0,14.0,2.25,-396.05143321881997
4.1,13.5,2.53,-404.4759759456169
4.9,14.0,2.25,-409.78364180571907
4.2,13.7,1.24,-343.4706734670472
7.6,13.7,1.24,-350.3837105416388
10.5,13.7,1.24,-356.00814913060316
4.6,13.5,2.53,-407.18483313572335
7.5,13.5,2.53,-424.0892850364106
6.2,13.7,2.72,-430.99192980103817
9.1,13.7,2.72,-452.3803289065875
12.0,13.7,2.72,-486.38703973491465
4.8,13.8,2.72,-425.70029131102467
13.4,13.7,1.24,-362.7018178318547
3.3,13.8,1.24,-344.59931261875926
6.7,13.8,1.24,-351.4005419678975
9.6,13.8,1.24,-356.20381756895983
10.4,13.5,2.53,-444.9714891262489
8.3,14.0,2.25,-428.1612835303738
8.2,13.8,2.72,-449.0980908898235
11.1,13.8,2.72,-476.433533314492
12.5,13.8,1.24,-362.95314846203985
13.3,13.5,2.53,-484.8542549009906
14.0,13.8,2.72,-531.6372526608607
2.4,13.9,1.24,-345.8218885519794
3.2,13.6,2.53,-402.4571695382865
3.9,13.9,2.72,-423.302550165923
7.3,13.9,2.72,-444.8439220045515
6.6,13.6,2.53,-421.9470914677067
10.2,13.9,2.72,-471.09771106809706
13.1,13.9,2.72,-510.89162465064453
9.5,13.6,2.53,-440.50514153077245
12.4,13.6,2.53,-468.55189447538964
11.2,14.0,2.25,-450.63349517892345
2.3,13.7,2.53,-400.71525673392745
3.0,14.0,2.72,-421.2900254258661
5.9,14.0,2.72,-438.10177060874145
4.0,14.1,2.25,-408.19794068620206
7.4,14.1,2.25,-426.7026068406634
5.7,13.7,2.53,-419.01384475494484
10.3,14.1,2.25,-443.3901956068252
8.6,13.7,2.53,-437.5434634088588
5.3,13.9,1.24,-350.496525138402
5.8,13.9,1.24,-351.13704037628384
8.7,13.9,1.24,-357.1560445653772
11.5,13.7,2.53,-464.3269825460885
13.2,14.1,2.25,-479.8276716630271
6.4,14.0,2.72,-442.0839243765754
9.3,14.0,2.72,-464.4329467419496
11.6,13.9,1.24,-362.78993585310457
3.1,14.2,2.25,-406.6551193310389
12.2,14.0,2.72,-502.23420926725845
6.0,14.2,2.25,-420.4619400632409
4.4,14.0,1.24,-351.1945993342415
4.3,13.8,2.53,-414.1608144184731
7.7,13.8,2.53,-434.4478851381368
10.6,13.8,2.53,-457.0478668594467
7.8,14.0,1.24,-358.1099991916739
10.7,14.0,1.24,-363.9337515662622
13.6,14.0,1.24,-370.70312481175023
9.4,14.2,2.25,-440.5408520431892
13.5,13.8,2.53,-500.9732129221501
12.3,14.2,2.25,-465.8044804372032
3.5,14.1,1.24,-352.4187393375519
2.2,14.3,2.25,-405.30672717751304
2.1,14.1,2.72,-419.44491683861696
6.9,14.1,1.24,-359.20455566543166
9.8,14.1,1.24,-363.930622013483
12.7,14.1,1.24,-370.489512414357
3.4,13.9,2.53,-411.9944036490773
2.6,14.2,1.24,-353.5708710154915
6.8,13.9,2.53,-431.98165003291797
9.7,13.9,2.53,-453.6480567157857
5.0,14.1,2.72,-435.4456712094115
5.1,14.3,2.25,-419.1742526713474
8.4,14.1,2.72,-460.2109845748679
11.3,14.1,2.72,-491.4334351371901
4.1,14.2,2.72,-433.44515106016485
5.5,14.2,1.24,-358.79754391701124
8.5,14.3,2.25,-438.7007181705248
7.5,14.2,2.72,-456.0645955618811
8.9,14.2,1.24,-365.13323234848355
11.8,14.2,1.24,-370.53511136266616
10.4,14.2,2.72,-485.09563077093543
12.6,13.9,2.53,-483.69592181080134
13.3,14.2,2.72,-544.6103124289974
11.4,14.3,2.25,-462.04538233357005
4.6,14.3,1.24,-359.6496625525817
8.0,14.3,1.24,-365.50100273260995
2.5,14.0,2.53,-410.1989123398412
5.4,14.0,2.53,-426.0429883856969
8.8,14.0,2.53,-448.55269558990534
4.2,14.4,2.25,-417.46144731524726
11.7,14.0,2.53,-478.2126697608315
4.5,14.1,2.53,-423.8877140499921
7.9,14.1,2.53,-445.7582884672622
10.8,14.1,2.53,-469.9458569860693
7.1,14.4,2.25,-433.2660039306662
10.9,14.3,1.24,-371.1632738078976
13.7,14.1,2.53,-518.123841499513
3.2,14.3,2.72,-431.145577478562
3.6,14.2,2.53,-421.9662506859093
6.1,14.3,2.72,-448.47947934622715
9.5,14.3,2.72,-477.6660670263618
6.5,14.2,2.53,-439.21978623149585
12.4,14.3,2.72,-520.3524105365263
7.0,14.2,2.53,-442.229984125736
2.3,14.4,2.72,-428.9101933977187
13.8,14.3,1.24,-378.26631612772354
7.6,14.4,2.25,-436.29389466734585
9.9,14.2,2.53,-465.7760959449194
3.7,14.4,1.24,-360.3088867324945
10.5,14.4,2.25,-456.31286858448817
5.2,14.4,2.72,-445.6719408323309
12.8,14.2,2.53,-499.9794171003243
8.6,14.4,2.72,-472.59399752966283
13.4,14.4,2.25,-493.3172481511808
11.5,14.4,2.72,-508.02661059446575
4.3,14.5,2.72,-443.2213042233802
6.6,14.4,1.24,-365.3745647494688
7.2,14.5,2.72,-463.79595794728516
3.3,14.5,2.25,-415.82828795242625
2.7,14.3,2.53,-419.8732007341613
10.6,14.5,2.72,-500.4468908490711
10.0,14.4,1.24,-372.2602479811295
5.6,14.3,2.53,-435.9548666596075
9.0,14.3,2.53,-460.16648230473527
11.9,14.3,2.53,-493.45165479724454
12.9,14.4,1.24,-379.5658243057549
4.7,14.4,2.53,-433.5571706472755
2.8,14.5,1.24,-361.42013968720727
8.1,14.4,2.53,-456.4758283909013
11.0,14.4,2.53,-483.57682527472747
13.9,14.4,2.53,-536.1478455071756
5.7,14.5,1.24,-366.0861741279027
3.8,14.5,2.53,-431.59217449025607
9.1,14.5,1.24,-372.40180918254487
13.5,14.5,2.72,-564.3887307164338
6.2,14.5,2.25,-431.2823263945282
6.7,14.5,2.53,-449.4292992865878
10.1,14.5,2.53,-478.46444743457016
3.4,14.6,2.72,-440.8701231503214
12.0,14.5,1.24,-378.7282506607475
6.3,14.6,2.72,-459.2318341652549
13.0,14.5,2.53,-516.9825238679102
9.6,14.5,2.25,-453.2195033439506
9.7,14.6,2.72,-491.66779868167055
12.6,14.6,2.72,-539.5921602604327
2.9,14.6,2.53,-429.81385245363333
12.5,14.5,2.25,-478.96947029985034
5.8,14.6,2.53,-445.9732279322232
9.2,14.6,2.53,-471.95306406706055
2.4,14.6,2.25,-414.5451878620969
12.1,14.6,2.53,-508.84890273632925
5.3,14.6,2.25,-428.6757380515166
8.7,14.6,2.25,-449.20168885180516
4.8,14.6,1.24,-367.69273621331564
11.6,14.6,2.25,-474.826065841649
2.0,14.7,2.53,-428.0879237407682
2.5,14.7,2.72,-438.639616603091
4.9,14.7,2.53,-443.49342589657135
5.4,14.7,2.72,-456.1480138183492
7.7,14.6,1.24,-372.3894957890004
8.2,14.6,1.24,-373.6783434866267
7.8,14.7,2.53,-463.4470385209838
11.2,14.7,2.53,-498.7030044053838
4.4,14.7,2.25,-426.9597966315979
11.1,14.6,1.24,-379.5259955412592
7.3,14.7,2.25,-443.25312158620596
4.0,14.8,2.53,-441.4493901309579
10.7,14.7,2.25,-468.26049179272206
13.6,14.7,2.25,-508.4068818399468
8.3,14.7,2.72,-480.850814473745
14.0,14.6,1.24,-385.7496216186027
8.8,14.7,2.72,-485.752406955752
11.7,14.7,2.72,-529.6636247526739
3.5,14.8,2.25,-425.1559588956207
3.9,14.7,1.24,-367.87624402228874
4.5,14.8,2.72,-453.4067325820221
7.4,14.8,2.72,-475.4533169221017
6.9,14.8,2.53,-460.1258848446509
6.8,14.7,1.24,-373.84269819960724
10.2,14.7,1.24,-379.49296774370794
10.8,14.8,2.72,-517.0978032350304
10.3,14.8,2.53,-492.2016420578142
13.1,14.7,1.24,-387.13428756960514
3.0,14.8,1.24,-369.25049109465135
13.2,14.8,2.53,-550.0909326508188
5.9,14.8,1.24,-373.92831879633684
13.7,14.8,2.72,-584.0437064125234
3.6,14.9,2.72,-450.89617086899295
6.4,14.8,2.25,-441.08755124328263
9.3,14.8,1.24,-380.7180127833958
9.8,14.8,2.25,-464.74099648039066
12.2,14.8,1.24,-386.4020382579695
2.1,14.9,1.24,-370.364419207486
12.7,14.8,2.25,-493.6539157414899
6.5,14.9,2.72,-471.33000011252255
9.9,14.9,2.72,-509.1597714728654
2.6,14.9,2.25,-423.7448872929318
12.8,14.9,2.72,-558.1946987332973
5.5,14.9,2.25,-439.1057654211108
2.7,15.0,2.72,-448.9001137453997
3.1,14.9,2.53,-439.5275633305128
8.4,14.9,2.25,-456.70493438471124
5.0,14.9,1.24,-374.8406719589919
7.9,14.9,1.24,-380.22170979936027
11.8,14.9,2.25,-488.358859010763
11.3,14.9,1.24,-387.25325444086866
5.6,15.0,2.72,-467.620971314917
6.0,14.9,2.53,-456.3053957025115
8.9,14.9,2.53,-480.14247854467465
8.5,15.0,2.72,-494.1585961942633
9.4,14.9,2.53,-484.9667683976027
12.3,14.9,2.53,-525.9416761947969
11.9,15.0,2.72,-546.7998124386309
4.6,15.0,2.25,-436.46223281615585
4.1,15.0,1.24,-375.7175689414629
7.0,15.0,1.24,-381.5924067855449
7.5,15.0,2.25,-453.9586484757013
10.9,15.0,2.25,-480.6350100236966
2.2,15.0,2.53,-437.60882064646745
10.4,15.0,1.24,-387.70813238764373
13.3,15.0,1.24,-394.86587005182037
4.7,15.1,2.72,-464.4379718207843
7.6,15.1,2.72,-487.96962263463615
13.8,15.0,2.25,-524.457126208315
5.1,15.0,2.53,-453.5117440746517
3.2,15.1,1.24,-377.160474171908
3.7,15.1,2.25,-434.5601506269867
6.1,15.1,1.24,-381.92418231120126
8.0,15.0,2.53,-475.6169932059639
11.4,15.0,2.53,-517.814553127664
9.0,15.1,1.24,-387.0545370194655
11.0,15.1,2.72,-534.0566322342086
4.2,15.1,2.53,-451.32451871475234
12.4,15.1,1.24,-394.3542243010736
13.9,15.1,2.72,-602.4184780324262
7.1,15.1,2.53,-471.4342459108682
6.6,15.1,2.25,-451.11829595363827
2.3,15.2,1.24,-378.4861689617966
3.8,15.2,2.72,-460.82416786554904
5.2,15.2,1.24,-382.6610170379017
8.1,15.2,1.24,-388.2997294709526
9.5,15.1,2.25,-472.74103178192615
11.5,15.2,1.24,-395.16710720035417
10.5,15.1,2.53,-507.1415405044255
13.4,15.1,2.53,-566.5592395178039
4.3,15.3,1.24,-383.5867651052503
10.0,15.1,2.25,-476.81235802715634
12.9,15.1,2.25,-508.9454103905783
2.8,15.2,2.25,-433.12112006011705
3.3,15.2,2.53,-449.01338522886397
6.2,15.2,2.53,-467.93428645362667
7.2,15.3,1.24,-389.2974343790231
6.7,15.2,2.72,-483.06921860961484
9.6,15.2,2.72,-515.6000982744868
13.0,15.2,2.72,-578.3618523204459
10.1,15.3,1.24,-394.083328130335
9.1,15.2,2.53,-493.3203651107556
10.6,15.3,1.24,-396.12377727773435
13.5,15.3,1.24,-402.49998905470386
5.7,15.2,2.25,-448.9523075363305
2.9,15.3,2.72,-458.6013054822088
3.4,15.4,1.24,-384.8227108433906
8.6,15.2,2.25,-467.77007228331297
6.3,15.4,1.24,-389.7813523793136
9.2,15.4,1.24,-394.8806776044436
5.8,15.3,2.72,-477.41954986013064
12.5,15.2,2.53,-544.1430659070296
12.0,15.2,2.25,-502.9559769732888
8.7,15.3,2.72,-508.0609274229688
12.1,15.3,2.72,-570.064408850121
4.8,15.3,2.25,-446.0128785753873
7.7,15.3,2.25,-464.28675952423134
12.6,15.4,1.24,-401.8996260075625
2.0,15.4,2.72,-456.59359053763956
2.5,15.5,1.24,-386.12806086191546
5.4,15.5,1.24,-391.25295819757315
11.1,15.3,2.25,-494.14794456150884
2.4,15.3,2.53,-447.1612649672559
5.3,15.3,2.53,-463.5073118257552
8.3,15.5,1.24,-395.59451709555447
11.7,15.5,1.24,-402.79269890257393
4.9,15.4,2.72,-473.84145165814203
8.2,15.3,2.53,-488.150693589738
7.8,15.4,2.72,-500.98518699319675
10.7,15.4,2.72,-543.2587352783687
14.0,15.3,2.25,-541.9909265553906
3.9,15.4,2.25,-444.1747379429029
4.5,15.6,1.24,-391.9187688803315
11.6,15.3,2.53,-538.3662467278559
4.4,15.4,2.53,-460.84730995108976
7.3,15.4,2.53,-482.8539201745454
7.4,15.6,1.24,-396.6958481865395
10.2,15.4,2.53,-516.1262100528038
10.3,15.6,1.24,-402.43289938550134
6.8,15.4,2.25,-461.2480904369372
11.2,15.4,2.72,-551.5739474829992
4.0,15.5,2.72,-471.0983737220647
6.9,15.5,2.72,-495.2896167656602
13.6,15.4,2.53,-585.1500311005705
9.8,15.5,2.72,-533.8368099711513
13.7,15.6,1.24,-410.1469536721959
9.7,15.4,2.25,-484.52577653658784
13.2,15.5,2.72,-600.0723871864718
3.6,15.7,1.24,-392.4377173887723
13.1,15.4,2.25,-537.6095819228103
3.0,15.5,2.25,-442.7915905985888
6.5,15.7,1.24,-398.11386283887725
5.9,15.5,2.25,-458.6594814757692
3.5,15.5,2.53,-458.7644735271366
8.8,15.5,2.25,-478.89841548709876
9.4,15.7,1.24,-402.68281681378636
12.2,15.5,2.25,-517.2800613038241
12.8,15.7,1.24,-411.772860474373
2.1,15.6,2.25,-441.2096179070539
3.1,15.6,2.72,-468.4671646644037
2.7,15.8,1.24,-393.8132488819459
6.4,15.5,2.53,-478.8475719979522
5.6,15.8,1.24,-398.3225815014849
9.3,15.5,2.53,-507.17048183282697
12.7,15.5,2.53,-565.080422349986
8.5,15.8,1.24,-404.1495481885574
11.4,15.8,1.24,-410.37086405081334
5.0,15.6,2.25,-455.6851162745961
6.0,15.6,2.72,-490.3700508369403
7.9,15.6,2.25,-475.3101485432981
10.8,15.6,2.25,-502.63312675094363
11.3,15.6,2.25,-510.9260329208706
2.6,15.6,2.53,-456.53072729209225
4.1,15.7,2.25,-453.71517943744624
11.9,15.8,1.24,-411.0059036809888
5.5,15.6,2.53,-475.30686591714186
8.9,15.6,2.72,-522.291922444315
4.7,15.9,1.24,-399.692953420886
7.6,15.9,1.24,-404.5141404046443
12.3,15.6,2.72,-587.5655763002501
8.4,15.6,2.53,-500.8573424638639
2.2,15.7,2.72,-466.3218595334175
7.0,15.7,2.25,-471.71963025725273
11.8,15.6,2.53,-550.9290159938425
5.1,15.7,2.72,-486.11637397593626
10.5,15.9,1.24,-411.17345181263437
8.0,15.7,2.72,-514.7424101114727
13.9,15.9,1.24,-417.93867723349115
9.9,15.7,2.25,-497.2922117039334
4.6,15.7,2.53,-472.228213823989
10.9,15.7,2.72,-560.1629228130535
7.5,15.7,2.53,-494.96442411915507
3.8,16.0,1.24,-400.18565754199165
4.2,15.8,2.72,-481.7555947435931
6.7,16.0,1.24,-405.4156066609887
7.1,15.8,2.72,-508.7895622656903
13.3,15.7,2.25,-552.3065597789682
9.6,16.0,1.24,-410.5253259786264
10.0,15.8,2.72,-549.739564604651
10.4,15.7,2.53,-531.8153843921247
13.8,15.7,2.53,-602.5775076610696
3.2,15.8,2.25,-452.12382414724107
6.1,15.8,2.25,-468.90633472979937
13.4,15.8,2.72,-625.6600354291375
3.3,15.9,2.72,-478.43288033623594
6.2,15.9,2.72,-502.3573718184928
13.0,16.0,1.24,-419.5933921578682
3.7,15.8,2.53,-468.7222295523475
9.1,15.9,2.72,-537.580385463596
12.0,15.9,2.72,-596.007912717297
6.6,15.8,2.53,-490.24130564078575
9.5,15.8,2.53,-521.5690717545327
12.5,15.9,2.72,-604.8674055284239
12.9,15.8,2.53,-579.9282618572862
2.8,15.9,2.53,-466.40025053594775
9.0,15.8,2.25,-490.9848990528104
2.4,16.0,2.72,-476.0537845021628
12.4,15.8,2.25,-533.2184766190713
2.3,15.9,2.25,-450.5440317174167
2.9,16.1,1.24,-401.50244168649556
5.8,16.1,1.24,-406.35922920911503
5.3,16.0,2.72,-497.3414923209099
5.2,15.9,2.25,-465.5809780221591
8.2,16.0,2.72,-529.1040196275193
11.1,16.0,2.72,-577.8061665592114
4.4,16.1,2.72,-492.3819830677838
8.1,15.9,2.25,-486.8003486615969
11.0,15.9,2.25,-516.7303227930188
7.3,16.1,2.72,-522.2798396587729
8.7,16.1,1.24,-412.52411327613754
4.3,16.0,2.25,-463.3171310031385
10.2,16.1,2.72,-566.4462747906966
5.7,15.9,2.53,-486.29891220091883
13.6,16.1,2.72,-640.5059247283207
3.5,16.2,2.72,-489.0234803479166
7.2,16.0,2.25,-482.7006722916946
6.4,16.2,2.72,-515.6424559308323
9.3,16.2,2.72,-553.3591913582181
8.6,15.9,2.53,-514.4652735688996
11.6,16.1,1.24,-417.876062811084
2.0,16.2,1.24,-402.7424514052456
4.9,16.2,1.24,-407.8061163755617
11.5,15.9,2.53,-560.1173094342464
7.8,16.2,1.24,-412.318811326371
4.8,16.0,2.53,-481.50565592903206
7.7,16.0,2.53,-507.59102402775443
10.7,16.2,1.24,-418.79457380096994
4.0,16.3,1.24,-408.2855585772812
10.6,16.0,2.53,-547.8630357988917
12.2,16.2,2.72,-612.8013611858647
10.1,16.0,2.25,-510.82101026918605
14.0,16.0,2.53,-618.8313634668787
6.9,16.3,1.24,-413.23642275051293
13.5,16.0,2.25,-569.1266088063015
9.8,16.3,1.24,-418.38839408229967
3.9,16.1,2.53,-478.7362041350837
3.4,16.1,2.25,-461.52895964210774
6.3,16.1,2.25,-479.42023167107413
6.8,16.1,2.53,-502.18874026935396
9.7,16.1,2.53,-539.0636203060579
9.2,16.1,2.25,-503.4786192185578
12.7,16.3,1.24,-426.894748474631
12.6,16.1,2.53,-592.0804551895455
3.1,16.4,1.24,-409.09399786171247
2.6,16.3,2.72,-485.9121921931199
12.1,16.1,2.25,-542.574535583833
13.1,16.1,2.53,-600.6584115185922
5.5,16.3,2.72,-509.06929966826044
2.5,16.2,2.25,-459.8101077620323
6.0,16.4,1.24,-414.16326605406886
5.4,16.2,2.25,-476.53031421964977
3.0,16.2,2.53,-476.3319691649277
5.9,16.2,2.53,-497.58970642775955
8.9,16.4,1.24,-419.2006688546838
8.3,16.2,2.25,-498.82001508464896
11.8,16.4,1.24,-426.2306842634946
2.2,16.5,1.24,-410.45121811922814
8.4,16.3,2.72,-543.8728759942178
5.1,16.5,1.24,-415.4628488697006
11.2,16.2,2.25,-538.1621502102523
8.8,16.2,2.53,-528.2348180838497
8.0,16.5,1.24,-419.9618910391912
11.7,16.2,2.53,-580.4592141222223
11.3,16.3,2.72,-594.6061318643777
4.5,16.3,2.25,-472.9289608821533
7.4,16.3,2.25,-494.4722343231848
10.9,16.5,1.24,-427.0479498585789
13.8,16.5,1.24,-433.10317261983266
2.1,16.3,2.53,-474.23741948772863
4.6,16.4,2.72,-504.1832488374363
10.3,16.3,2.25,-525.0005866431633
13.2,16.3,2.25,-579.5900313406745
4.2,16.6,1.24,-416.407155608754
7.1,16.6,1.24,-421.0521975297295
13.7,16.3,2.25,-585.5592159888666
10.0,16.6,1.24,-427.5339114013639
7.5,16.4,2.72,-535.1084361538377
12.9,16.6,1.24,-434.84689913719814
10.4,16.4,2.72,-582.79316986414
5.0,16.3,2.53,-493.5042382584268
3.6,16.4,2.25,-471.9770553684286
7.9,16.3,2.53,-521.2522588385469
10.8,16.3,2.53,-563.4700419141856
3.3,16.7,1.24,-417.26734392733977
6.2,16.7,1.24,-422.0013344676571
13.3,16.4,2.72,-647.0044102350196
3.7,16.5,2.72,-499.25259325915033
4.1,16.4,2.53,-489.1845249113429
6.6,16.5,2.72,-528.4084794008983
6.5,16.4,2.25,-490.00966009269354
9.5,16.5,2.72,-569.8871387402639
9.4,16.4,2.25,-518.7631005622601
7.0,16.4,2.53,-515.5582800229845
9.9,16.4,2.53,-553.796137574247
12.8,16.4,2.53,-607.8833635388344
12.3,16.4,2.25,-557.8863959418845
3.2,16.5,2.53,-486.22170495521186
6.1,16.5,2.53,-509.95315354364834
12.4,16.5,2.72,-628.086017536693
9.0,16.5,2.53,-542.8140259557681
2.3,16.6,2.72,-492.9074404278179
2.8,16.6,2.72,-496.2862233125174
2.7,16.5,2.25,-469.11132601541294
9.1,16.7,1.24,-428.3606642877995
12.0,16.7,1.24,-433.52689248916494
5.6,16.5,2.25,-486.68107623248
8.5,16.5,2.25,-511.09579210788684
5.3,16.8,1.24,-424.17284594204114
5.7,16.6,2.72,-521.0720511526088
8.6,16.6,2.72,-561.1610869758684
11.9,16.5,2.53,-597.1759293511807
11.5,16.6,2.72,-610.6981490304507
8.2,16.8,1.24,-427.8713563373848
4.8,16.7,2.72,-515.4998822074944
11.1,16.8,1.24,-434.778838804717
5.2,16.6,2.53,-504.53312568524353
14.0,16.8,1.24,-441.1874028226336
7.7,16.7,2.72,-550.1281844068876
8.1,16.6,2.53,-534.9357973971474
11.0,16.6,2.53,-579.9006927997908
4.4,16.9,1.24,-424.4860990304874
10.6,16.7,2.72,-598.4608229103353
7.3,16.9,1.24,-428.91706786062866
13.5,16.7,2.72,-660.1343244734715
13.9,16.6,2.53,-640.9321542734519
10.2,16.9,1.24,-435.75795751825694
11.4,16.5,2.25,-549.1588847901033
13.1,16.9,1.24,-442.86483109956555
3.0,17.0,1.24,-423.81640026220066
3.9,16.8,2.72,-510.01865319764056
4.7,16.6,2.25,-483.998690656052
4.3,16.7,2.53,-500.48942316661925
7.2,16.7,2.53,-528.3070830219997
7.6,16.6,2.25,-506.1936170897591
10.5,16.6,2.25,-539.576963701268
10.1,16.7,2.53,-569.4679138313245
13.4,16.6,2.25,-594.9309711303607
6.4,17.0,1.24,-429.8922418960023
9.3,17.0,1.24,-435.0190912052995
13.0,16.7,2.53,-623.9548947670417
12.2,17.0,1.24,-442.452053966518
3.8,16.7,2.25,-480.38174540943135
2.9,16.8,2.53,-493.2159795382633
6.7,16.7,2.25,-501.1645191347442
3.4,16.8,2.53,-496.38414180124585
6.3,16.8,2.53,-522.0152800486127
9.2,16.8,2.53,-557.6058368475738
12.1,16.8,2.53,-612.8237942078808
9.6,16.7,2.25,-532.4194381981409
2.0,16.9,2.53,-490.88725313969917
2.1,17.1,1.24,-425.3002536271947
5.4,16.9,2.53,-515.9860615374733
12.5,16.7,2.25,-577.4013258096618
2.4,16.8,2.25,-476.05364036870145
5.8,16.8,2.25,-497.4117848475331
8.7,16.8,2.25,-523.9159460763102
5.5,17.1,1.24,-430.78456451140016
8.3,16.9,2.53,-548.7120225843311
6.8,16.8,2.72,-541.7744033840486
11.6,16.8,2.25,-568.9335450385606
11.2,16.9,2.53,-596.1415911422632
4.5,17.0,2.53,-511.28153754666516
8.4,17.1,1.24,-435.80383582571744
4.9,16.9,2.25,-493.0739561090402
11.3,17.1,1.24,-443.14945923870516
7.8,16.9,2.25,-518.3126116198487
9.7,16.8,2.72,-586.8257364470833
4.1,17.2,1.24,-430.61853756958834
7.4,17.0,2.53,-540.8581879695096
12.6,16.8,2.72,-642.6689366090092
2.5,16.9,2.72,-502.8712601305906
5.9,16.9,2.72,-533.5737379329078
8.8,16.9,2.72,-573.4803893341905
4.6,17.2,1.24,-432.01947093182565
10.3,17.0,2.53,-585.3197425007999
11.7,16.9,2.72,-632.1111617362918
7.5,17.2,1.24,-437.6528753747366
13.2,17.0,2.53,-645.7734578693861
5.0,17.0,2.72,-527.3428822182938
3.1,17.1,2.53,-503.21014900728983
10.4,17.2,1.24,-442.59895245988497
7.9,17.0,2.72,-564.603393935789
10.7,16.9,2.25,-554.1315365256681
6.5,17.1,2.53,-534.4299616822909
9.4,17.1,2.53,-571.9717101015123
12.3,17.1,2.53,-627.4404874741963
2.2,17.2,2.53,-500.6772260352741
13.6,16.9,2.25,-609.9018059611302
13.3,17.2,1.24,-450.9170543391278
10.8,17.0,2.72,-614.491759375955
3.2,17.3,1.24,-431.7164612735311
3.5,17.0,2.25,-487.63511760023897
13.7,17.0,2.72,-672.0040272641427
5.6,17.2,2.53,-527.5426998121757
4.0,17.0,2.25,-491.0340506766445
6.6,17.3,1.24,-437.7314198050006
8.5,17.2,2.53,-565.3872135651093
11.4,17.2,2.53,-617.0243021221485
6.9,17.0,2.25,-512.7624021901504
3.6,17.1,2.72,-516.975806405267
9.8,17.0,2.25,-546.4776335348055
4.2,17.3,2.53,-517.2429947558957
7.0,17.1,2.72,-555.4519475978519
9.9,17.1,2.72,-602.5658618984874
9.5,17.3,1.24,-444.3086555390708
12.7,17.0,2.25,-593.1689190270636
7.6,17.3,2.53,-554.8202673191084
10.5,17.3,2.53,-600.308649718063
12.8,17.1,2.72,-656.4590666127986
2.7,17.2,2.72,-513.2843388881975
12.4,17.3,1.24,-450.6052625909204
2.6,17.1,2.25,-485.5029175451838
6.1,17.2,2.72,-546.3781642752464
13.4,17.3,2.53,-658.4133889246345
9.0,17.2,2.72,-591.5709423087642
6.0,17.1,2.25,-508.3746367113444
11.9,17.2,2.72,-645.9440633602848
4.7,17.3,2.72,-534.2895521995857
5.2,17.3,2.72,-539.4965540505391
3.3,17.4,2.53,-513.2990707616303
8.9,17.1,2.25,-537.3123568395649
11.8,17.1,2.25,-580.4579516451819
2.3,17.4,1.24,-432.96924279856154
8.1,17.3,2.72,-581.3090854138292
11.0,17.3,2.72,-629.4012829214937
6.7,17.4,2.53,-546.9903984554228
5.7,17.4,1.24,-439.93154817783807
5.1,17.2,2.25,-504.7839330479472
9.6,17.4,2.53,-589.499753173975
13.9,17.3,2.72,-683.3586155851123
8.0,17.2,2.25,-530.5926923605475
10.9,17.2,2.25,-568.7417412172513
12.5,17.4,2.53,-641.7591352610355
8.6,17.4,1.24,-443.79781986016906
11.5,17.4,1.24,-449.9984173428764
3.8,17.4,2.72,-527.573229872012
13.8,17.2,2.25,-624.0200247739558
3.7,17.3,2.25,-498.4555692806658
7.1,17.3,2.25,-524.9242223986765
4.3,17.5,1.24,-438.98690587673036
7.2,17.4,2.72,-568.7554127005741
2.4,17.5,2.53,-510.4097812352564
10.1,17.4,2.72,-620.7201323317911
5.3,17.5,2.53,-534.5824708916446
5.8,17.5,2.53,-539.6906723142764
13.0,17.4,2.72,-668.666250768188
2.9,17.5,2.72,-523.3412813091566
10.0,17.3,2.25,-560.1186590967977
6.3,17.5,2.72,-559.7342224733596
7.7,17.5,1.24,-444.5177633971884
12.9,17.3,2.25,-608.067052287071
2.8,17.4,2.25,-495.28522184904705
8.7,17.5,2.53,-579.1418332735252
6.2,17.4,2.25,-520.5125507142823
11.6,17.5,2.53,-631.268074492232
9.1,17.4,2.25,-550.6879884021363
12.0,17.4,2.25,-598.3139798771906
9.2,17.5,2.72,-605.8764472082917
12.1,17.5,2.72,-658.7109057376409
4.4,17.6,2.53,-529.1502127858784
7.8,17.6,2.53,-568.4370758195575
4.8,17.5,2.25,-511.73432247948045
10.7,17.6,2.53,-614.8210428502007
2.0,17.6,2.72,-520.2754993607349
4.9,17.6,2.72,-546.1439536610197
8.3,17.6,2.72,-595.0052855638837
11.2,17.6,2.72,-645.4755625398636
4.0,17.7,2.72,-540.0522201075624
10.6,17.5,1.24,-451.6415929298637
8.2,17.5,2.25,-543.4428599270582
13.5,17.5,1.24,-459.12998750077304
3.4,17.6,1.24,-440.1144152330038
13.6,17.6,2.53,-669.7868461628328
11.1,17.5,2.25,-583.8182846028126
3.5,17.7,2.53,-523.8168147623804
6.9,17.7,2.53,-560.0860076802595
9.8,17.7,2.53,-603.9981891764995
6.8,17.6,1.24,-447.15954593287955
9.7,17.6,1.24,-451.7015069202378
7.4,17.7,2.72,-582.7545500503948
10.3,17.7,2.72,-631.58854423016
14.0,17.5,2.25,-637.6383386321022
12.6,17.6,1.24,-462.84154040208324
12.7,17.7,2.53,-654.5907518117019
2.5,17.7,1.24,-441.3968797693002
3.9,17.6,2.25,-508.4258650369809
2.6,17.8,2.53,-520.2073720137513
13.2,17.7,2.72,-680.3560324061903
5.5,17.8,2.53,-546.475430223519
3.1,17.8,2.72,-533.7498009795847
7.3,17.6,2.25,-536.9443041344533
8.9,17.8,2.53,-591.1948673267534
6.0,17.8,2.72,-566.0868621691933
11.8,17.8,2.53,-645.0100713128252
5.4,17.7,1.24,-446.9199106568027
10.2,17.6,2.25,-574.5759249029529
8.8,17.7,1.24,-451.8839355514865
11.7,17.7,1.24,-458.925395332407
13.1,17.6,2.25,-630.2359093585249
9.4,17.8,2.72,-620.4143541903453
4.5,17.8,1.24,-446.62587661194965
4.6,17.9,2.53,-540.5083806926085
12.3,17.8,2.72,-670.8828362141262
2.2,17.9,2.72,-530.3441419234784
8.0,17.9,2.53,-581.3485357697682
3.0,17.7,2.25,-504.9838106572987
10.9,17.9,2.53,-629.0873594307709
5.9,17.7,2.25,-527.435262711635
6.4,17.7,2.25,-532.0294373852884
9.3,17.7,2.25,-566.1071897220137
13.8,17.9,2.53,-680.8226235484516
5.1,17.9,2.72,-558.3908507559181
7.9,17.8,1.24,-454.0044576453222
12.2,17.7,2.25,-612.9131952590112
8.5,17.9,2.72,-609.371893101264
10.8,17.8,1.24,-459.7847852698768
11.4,17.9,2.72,-656.122311138985
13.7,17.8,1.24,-467.8601813182098
4.2,18.0,2.72,-551.7736415835911
3.7,18.0,2.53,-535.5133719784282
6.6,18.0,2.53,-566.6056551572358
7.1,18.0,2.72,-589.3656389824516
10.0,18.0,2.53,-619.4486273547191
3.6,17.9,1.24,-448.25555033138164
2.1,17.8,2.25,-502.7715589053727
6.5,17.9,1.24,-452.91748971779725
5.0,17.8,2.25,-522.4761496088092
7.0,17.9,1.24,-453.8068428528918
12.9,18.0,2.53,-666.806038660822
8.4,17.8,2.25,-556.385882278236
2.8,18.1,2.53,-530.6020645910982
11.3,17.8,2.25,-603.9514660719124
7.6,18.0,2.72,-597.0276583117248
5.7,18.1,2.53,-558.6518175133322
9.1,18.1,2.53,-607.4826160184946
4.1,17.9,2.25,-518.6132817635942
12.0,18.1,2.53,-656.9260862067931
10.5,18.0,2.72,-646.6554769833059
13.4,18.0,2.72,-696.1537320080915
4.8,18.2,2.53,-552.1189554015597
7.7,18.2,2.53,-588.7435507188479
3.3,18.1,2.72,-544.6213812612662
6.2,18.1,2.72,-579.1193618114376
7.5,17.9,2.25,-549.4633748493022
10.4,17.9,2.25,-588.8775934684455
13.3,17.9,2.25,-642.6584257221962
9.6,18.1,2.72,-634.2118152781186
8.2,18.2,2.53,-597.5678932721389
12.5,18.1,2.72,-682.3628527438793
3.2,18.0,2.25,-514.8932691583989
2.4,18.2,2.72,-540.7174318974373
6.1,18.0,2.25,-538.9281180562552
9.9,17.9,1.24,-461.9691589108219
12.8,17.9,1.24,-468.80570157651766
9.5,18.0,2.25,-580.1026442001044
11.1,18.2,2.53,-644.6418050397074
2.7,18.0,1.24,-450.3598962720356
5.3,18.2,2.72,-570.6460741439023
14.0,18.2,2.53,-691.311783066922
12.4,18.0,2.25,-626.8445005531557
3.9,18.3,2.53,-545.1158662012532
5.6,18.0,1.24,-454.8491186788275
6.8,18.3,2.53,-579.603724393403
10.2,18.3,2.53,-634.2493519162548
8.7,18.2,2.72,-623.3414945895665
13.1,18.3,2.53,-678.330543121096
2.3,18.1,2.25,-512.3067835156918
3.0,18.4,2.53,-540.7113888127409
9.0,18.0,1.24,-460.33514209714576
11.9,18.0,1.24,-467.27059629079565
11.6,18.2,2.72,-675.9349908700839
4.7,18.1,1.24,-456.2316097102074
5.2,18.1,2.25,-533.3250052527615
8.6,18.1,2.25,-571.6002687319415
11.5,18.1,2.25,-617.1836672057632
5.9,18.4,2.53,-570.852288466831
9.3,18.4,2.53,-621.1926033417183
4.3,18.2,2.25,-529.0977865973488
8.1,18.1,1.24,-462.8025101776366
7.2,18.2,2.25,-556.7298299513905
12.2,18.4,2.53,-669.2011375796575
10.6,18.2,2.25,-602.6036015124062
4.4,18.3,2.72,-563.5583055725203
11.0,18.1,1.24,-468.06045478492183
13.9,18.1,1.24,-476.03644102507405
3.8,18.2,1.24,-455.34509524419923
2.1,18.5,2.53,-537.5381256133414
6.7,18.2,1.24,-462.1751916107132
5.0,18.5,2.53,-563.9854047250619
13.5,18.2,2.25,-654.924265725376
7.9,18.5,2.53,-603.8898948420797
11.3,18.5,2.53,-655.1633575752983
3.4,18.3,2.25,-524.7169223356991
4.1,18.6,2.53,-557.8170597766599
7.3,18.3,2.72,-603.2319115034895
6.3,18.3,2.25,-550.3696720900509
10.1,18.2,1.24,-470.23635144570153
13.0,18.2,1.24,-479.45741726553877
2.9,18.3,1.24,-456.42535220488537
5.8,18.3,1.24,-463.0823751067471
7.0,18.6,2.53,-592.6960798947034
9.2,18.3,1.24,-470.18469791388077
10.4,18.6,2.53,-644.7455846411169
12.1,18.3,1.24,-475.72540027890017
13.3,18.6,2.53,-694.310429605559
10.7,18.3,2.72,-660.41350141913
3.2,18.7,2.53,-552.5615610784296
6.1,18.7,2.53,-584.1106420277893
2.0,18.4,1.24,-457.56556548401045
9.0,18.7,2.53,-627.1114610748604
12.4,18.7,2.53,-680.6429175704611
13.6,18.3,2.72,-706.1522485369604
4.9,18.4,1.24,-462.3345140115858
2.3,18.8,2.53,-547.7676720224594
7.8,18.4,1.24,-469.10387102054136
5.2,18.8,2.53,-575.8809657073908
9.7,18.3,2.25,-593.4210660269551
12.6,18.3,2.25,-639.8153466039554
11.2,18.4,1.24,-476.433274463742
2.5,18.4,2.25,-521.8014004351518
5.4,18.4,2.25,-544.3831814283792
8.1,18.8,2.53,-617.2125715913351
11.5,18.8,2.53,-671.9064863057349
8.3,18.4,2.25,-576.0634671302923
4.0,18.5,1.24,-464.7266375712473
6.9,18.5,1.24,-468.8403652373852
10.3,18.5,1.24,-477.18469959867366
8.8,18.4,2.25,-582.6680057577046
4.3,18.9,2.53,-568.8356061276149
7.2,18.9,2.53,-605.7185920513356
3.5,18.4,2.72,-557.2607596328046
6.4,18.4,2.72,-593.2787576848913
9.8,18.4,2.72,-650.3047036377187
13.2,18.5,1.24,-486.55111869476025
10.1,18.9,2.53,-652.3170220115901
12.7,18.4,2.72,-694.9626066540706
2.6,18.5,2.72,-551.4417188577626
5.5,18.5,2.72,-583.4827735481219
10.6,18.9,2.53,-659.4979024205154
11.7,18.4,2.25,-630.7101297623045
8.4,18.5,2.72,-628.8053605791397
4.5,18.5,2.25,-539.7169583581896
11.8,18.5,2.72,-683.8393821877753
4.6,18.6,2.72,-575.5719676694926
3.1,18.6,1.24,-465.94327006772824
13.5,18.9,2.53,-703.8277068181014
7.5,18.6,2.72,-616.4880403112129
10.9,18.6,2.72,-672.4361672174033
3.4,19.0,2.53,-563.5427408445772
7.4,18.5,2.25,-568.8227189955633
13.8,18.6,2.72,-715.6081739785773
3.7,18.7,2.72,-568.7352951743467
6.3,19.0,2.53,-596.814983425105
10.8,18.5,2.25,-616.5322758083561
6.0,18.6,1.24,-469.6918471640929
8.9,18.6,1.24,-476.58364333253155
6.6,18.7,2.72,-606.2986895764332
13.7,18.5,2.25,-666.1569871163574
9.2,19.0,2.53,-639.8963042098693
12.6,19.0,2.53,-693.0033534302966
3.6,18.6,2.25,-535.7927558318405
6.5,18.6,2.25,-562.4248490196474
9.9,18.6,2.25,-606.8798399938412
9.4,18.6,1.24,-477.72208394935217
12.8,18.6,2.25,-652.4441600548009
2.7,18.7,2.25,-531.5645003022131
2.5,19.1,2.53,-558.7594548639127
9.5,18.7,2.72,-652.7462510210266
12.3,18.6,1.24,-484.3057906314608
5.4,19.1,2.53,-587.9393116260198
10.0,18.7,2.72,-663.0186752262182
8.3,19.1,2.53,-630.2707591611467
2.2,18.7,1.24,-466.9637304938516
5.6,18.7,2.25,-556.3683160170268
5.1,18.7,1.24,-470.2671904437511
8.0,18.7,1.24,-476.6891572422038
11.4,18.7,1.24,-486.29786701764607
12.9,18.7,2.72,-703.2474115139321
4.2,18.8,1.24,-473.0513474179667
11.7,19.1,2.53,-685.4251983354025
8.5,18.7,2.25,-591.6139759468156
4.5,19.2,2.53,-580.7917067658394
2.8,18.8,2.72,-562.2816258774238
5.7,18.8,2.72,-596.5416790061641
8.6,18.8,2.72,-642.3667556380843
7.1,18.8,1.24,-478.22784986643546
7.4,19.2,2.53,-618.9681499053111
12.0,18.8,2.72,-694.9700193523634
11.9,18.7,2.25,-643.4051082760463
10.3,19.2,2.53,-664.6324228050765
4.8,18.9,2.72,-587.4031772456266
10.5,18.8,1.24,-485.58781385935447
13.4,18.8,1.24,-494.5084082139476
7.7,18.9,2.72,-630.0712536999149
3.3,18.9,1.24,-472.1137668973195
13.7,19.2,2.53,-713.6079930178174
11.1,18.9,2.72,-684.0032940011715
4.7,18.8,2.25,-550.688988499775
6.2,18.9,1.24,-479.00859068122315
14.0,18.9,2.72,-725.0073588879056
9.1,18.9,1.24,-485.6059687943064
7.6,18.8,2.25,-583.400784735961
12.5,18.9,1.24,-495.7383505403095
11.0,18.8,2.25,-629.6347341939412
3.9,19.0,2.72,-580.4405930134533
13.9,18.8,2.25,-677.0289907500834
2.4,19.0,1.24,-473.0882325132718
3.6,19.3,2.53,-574.6922456762943
5.3,19.0,1.24,-478.36536409934155
8.2,19.0,1.24,-486.3183201897181
6.8,19.0,2.72,-619.6366567267766
6.5,19.3,2.53,-609.5101560212197
9.7,19.0,2.72,-665.1121514667785
9.4,19.3,2.53,-652.5238143764268
3.8,18.9,2.25,-546.2045452184946
11.6,19.0,1.24,-494.9347774912652
13.1,19.0,2.72,-715.3883633400781
12.8,19.3,2.53,-701.3776115262747
6.7,18.9,2.25,-574.7450896885957
3.0,19.1,2.72,-574.1656445523704
9.6,18.9,2.25,-613.4269586300694
4.4,19.1,1.24,-478.85844112929584
7.3,19.1,1.24,-486.0087670334249
2.7,19.4,2.53,-569.5512834288529
13.0,18.9,2.25,-664.3790521047919
5.9,19.1,2.72,-609.9613965873622
8.8,19.1,2.72,-654.8711838185126
12.2,19.1,2.72,-707.257571710783
2.1,19.2,2.72,-568.2589186458575
10.2,19.1,1.24,-494.33188190769715
5.6,19.4,2.53,-600.6168237646364
5.0,19.2,2.72,-600.9032789011571
7.9,19.2,2.72,-643.1431646607464
10.8,19.2,2.72,-688.3149918614392
8.5,19.4,2.53,-642.8973963495856
11.4,19.4,2.53,-687.2229532458936
2.9,19.0,2.25,-541.7239788531325
4.7,19.5,2.53,-592.7573575017152
13.6,19.1,1.24,-503.84268956554195
5.8,19.0,2.25,-568.3212895671379
3.5,19.2,1.24,-480.4365124700821
4.1,19.3,2.72,-592.3970531538926
7.6,19.5,2.53,-631.738674623271
7.0,19.3,2.72,-632.5520727671623
6.4,19.2,1.24,-485.6615665616662
9.3,19.2,1.24,-491.8279119379256
9.9,19.3,2.72,-679.4359703770525
12.7,19.2,1.24,-505.375696970631
8.7,19.0,2.25,-604.3586823541906
2.6,19.3,1.24,-482.7098217501325
10.5,19.5,2.53,-676.2049045576355
13.9,19.5,2.53,-722.8435161409559
12.1,19.0,2.25,-655.7839451896224
2.0,19.1,2.25,-539.4942846009795
4.9,19.1,2.25,-561.6168804319382
5.5,19.3,1.24,-487.5640153408347
3.8,19.6,2.53,-585.8464794749675
7.8,19.1,2.25,-595.9788179801196
13.3,19.3,2.72,-728.0707774239823
8.4,19.3,1.24,-494.5043322264355
6.7,19.6,2.53,-622.2515141670278
11.3,19.3,1.24,-500.8786953590262
10.7,19.1,2.25,-637.3105039507853
11.8,19.3,1.24,-502.2289389568355
11.2,19.1,2.25,-646.5714445973823
4.6,19.4,1.24,-487.42190893691975
3.2,19.4,2.72,-585.5813138779386
4.0,19.2,2.25,-556.7997156426045
9.6,19.6,2.53,-667.5153652894148
6.9,19.2,2.25,-586.634193798747
9.8,19.2,2.25,-625.9618323674193
7.5,19.4,1.24,-493.72519335249234
6.1,19.4,2.72,-622.8470913147735
13.2,19.2,2.25,-680.5601078100588
3.1,19.3,2.25,-551.4546681184601
6.0,19.3,2.25,-579.6370511603876
9.0,19.4,2.72,-667.0676366967405
12.5,19.6,2.53,-707.9341229309575
10.4,19.4,1.24,-501.2975347771847
13.8,19.4,1.24,-512.70459412939
11.9,19.4,2.72,-712.0458788237388
8.9,19.3,2.25,-616.941939794172
3.7,19.5,1.24,-488.33445261321606
13.0,19.6,2.53,-713.3522428861152
12.3,19.3,2.25,-666.9411095464658
6.6,19.5,1.24,-495.1215440999289
12.4,19.4,2.72,-717.4307466301285
2.2,19.4,2.25,-549.4845414372152
2.9,19.7,2.53,-580.2320131635406
9.5,19.5,1.24,-500.93437676631333
2.3,19.5,2.72,-578.8526117617604
12.9,19.5,1.24,-513.8302973411694
5.8,19.7,2.53,-612.4897726935566
5.1,19.4,2.25,-573.1855098967707
5.2,19.5,2.72,-613.5519922612096
8.1,19.5,2.72,-657.0804766465881
2.8,19.6,1.24,-490.5144731984572
8.0,19.4,2.25,-608.3791967074496
11.0,19.5,2.72,-699.2697294720374
5.7,19.6,1.24,-495.72932165088025
8.6,19.6,1.24,-502.8385378800018
4.3,19.6,2.72,-604.4970370429238
10.9,19.4,2.25,-647.3631245650304
4.2,19.5,2.25,-567.491853429954
11.5,19.6,1.24,-509.6505244955247
7.2,19.6,2.72,-645.5055214020668
4.8,19.7,1.24,-494.87068116228545
8.7,19.7,2.53,-655.2716111875305
7.7,19.7,1.24,-503.3827356677224
7.1,19.5,2.25,-598.8993615771586
10.6,19.7,1.24,-509.85533884262173
10.0,19.5,2.25,-639.5546608924558
14.0,19.7,1.24,-523.2669605853189
3.9,19.8,1.24,-496.0906330305966
6.8,19.8,1.24,-503.30140763054544
10.1,19.6,2.72,-690.6672671727451
11.6,19.7,2.53,-700.9038276903021
13.4,19.5,2.25,-690.5302768055142
2.0,19.8,2.53,-574.9034810555296
4.9,19.8,2.53,-605.2416630873497
9.7,19.8,1.24,-510.84272358024054
13.5,19.6,2.72,-737.830820328852
3.4,19.7,2.72,-597.095949707163
3.3,19.6,2.25,-561.7464205852787
7.8,19.8,2.53,-644.0651746300877
6.2,19.6,2.25,-591.3554227722016
10.7,19.8,2.53,-687.1852377100465
12.6,19.8,1.24,-521.6896142842833
9.1,19.6,2.25,-629.5475674630577
6.3,19.7,2.72,-635.7774933802875
12.0,19.6,2.25,-671.8863380300265
9.2,19.7,2.72,-678.98991492097
2.4,19.7,2.25,-559.3419006558911
12.1,19.7,2.72,-722.0711150097395
5.3,19.7,2.25,-584.4178241026183
2.5,19.8,2.72,-589.7357160493805
4.0,19.9,2.53,-597.4091481124657
3.0,19.9,1.24,-498.34025847743794
5.9,19.9,1.24,-502.4309149493283
8.2,19.7,2.25,-620.9335694345549
5.4,19.8,2.72,-626.077441970903
8.8,19.9,1.24,-509.7769620770629
11.1,19.7,2.25,-661.5028016747581
4.4,19.8,2.25,-578.7580526300103
7.3,19.8,2.25,-611.2264485576382
6.9,19.9,2.53,-634.4881800611092
9.8,19.9,2.53,-678.4669440986065
8.3,19.8,2.72,-669.3171389541259
10.2,19.8,2.25,-652.7191905481608
11.7,19.9,1.24,-518.474547173977
12.7,19.9,2.53,-717.3348861507568
2.1,20.0,1.24,-497.9491388399067
13.1,19.8,2.25,-695.4475647291215
11.2,19.8,2.72,-709.7819381758424
4.5,19.9,2.72,-616.7077562894058
13.6,19.8,2.25,-700.1123055939374
5.0,20.0,1.24,-503.0072274343289
3.1,20.0,2.53,-591.1703039916473
3.5,19.9,2.25,-572.342596118328
7.4,19.9,2.72,-657.8050067565656
7.9,20.0,1.24,-511.6375826908653
6.4,19.9,2.25,-603.4340530996066
10.3,19.9,2.72,-701.7298973643244
6.0,20.0,2.53,-625.8916175893472
9.3,19.9,2.25,-641.5322449111279
13.2,19.9,2.72,-739.297568939051
12.2,19.9,2.25,-682.7637442013415
2.6,20.0,2.25,-569.514345513677
3.6,20.0,2.72,-608.6176045252604
5.5,20.0,2.25,-596.2488757972717
10.8,20.0,1.24,-518.6710365117397
8.9,20.0,2.53,-667.0952330742158
6.5,20.0,2.72,-647.7255014566905
9.4,20.0,2.72,-690.673112855396
11.8,20.0,2.53,-710.2654587009371
13.7,20.0,1.24,-529.7110962147833
12.3,20.0,2.72,-731.8314558848451
8.4,20.0,2.25,-632.8927365427913
11.3,20.0,2.25,-674.345025821769
