a,h,e,angle
4.0,15.5,2.72,-111.09853275141478
11.2,2.3,2.53,-59.16757862747851
8.0,7.7,2.53,107.704862131133
10.2,12.5,2.25,-36.03016803015784
13.7,16.3,2.25,134.44077671235436
5.9,8.9,2.53,82.3510231890759
2.9,11.0,1.24,87.04208435912813
11.8,12.0,1.24,42.60855062544703
6.6,7.1,1.24,-176.88102756507874
9.3,13.3,2.53,-69.34056477335655
4.2,16.6,1.24,-56.40715560875404
2.9,13.2,1.24,31.311640460071352
3.8,10.1,2.72,51.30036224900995
12.3,2.5,2.53,-66.1414308859306
5.7,16.6,2.72,-161.07205115260882
6.8,19.0,2.72,100.36334327322346
10.2,5.9,2.53,162.78459646223595
12.2,3.1,2.25,-83.89919771650388
11.4,14.3,2.25,-102.0449331405178
6.7,8.7,1.24,140.49390488914142
4.3,16.0,2.25,-103.2586079749989
10.1,10.9,1.24,74.84063533181308
2.0,9.6,2.53,86.62134930994245
5.4,16.2,2.25,-116.5303142196498
10.1,4.3,2.25,-121.8643181359168
9.4,8.4,1.24,143.88169997400303
6.1,16.5,2.53,-149.9531535436483
14.0,3.6,2.53,-111.6354484703186
3.3,15.2,2.53,-89.01338522886395
11.1,13.8,2.72,-116.43533327286498
3.8,18.9,2.25,173.79545478150547
7.4,13.4,1.24,18.059073023953044
12.3,9.1,2.25,41.4193632594645
6.5,14.2,2.53,-79.21978623149585
2.9,8.8,1.24,143.48837485821187
9.0,4.1,2.53,-115.56197896222588
5.3,10.2,2.53,45.11829454402757
3.4,16.8,2.53,-136.38414180124585
10.7,5.2,2.53,-168.67955895004562
8.0,18.7,1.24,-116.69299715655188
4.2,12.2,2.25,4.775368956223423
3.1,16.4,1.24,-48.99799606063828
4.5,3.9,2.25,-98.51238900587587
3.6,2.5,2.72,-61.87643143248661
6.1,5.6,1.24,-137.4470457140938
13.5,19.6,2.72,-17.83082032885202
8.5,11.4,2.25,2.8072039735987016
4.9,19.1,2.25,158.38311956806177
7.5,6.2,2.53,169.66745990333254
10.5,4.2,1.24,-104.09474423659822
8.8,14.0,2.53,-88.55269558990534
9.6,18.1,2.72,85.78818472188138
12.6,13.9,2.53,-123.69576822772363
6.8,12.5,1.24,41.23233462135632
11.2,13.3,1.24,12.726334328934596
3.9,3.0,2.25,-74.21128781391997
2.6,10.5,2.53,53.75170360441954
6.3,8.8,2.25,94.5770041253782
12.1,19.0,2.25,64.2959327301134
6.8,3.7,2.53,-97.5744156401274
13.9,4.2,2.25,-132.44363058901024
9.6,7.2,2.25,126.8064071555848
6.3,2.2,2.53,-54.601991876014246
13.3,12.0,2.72,-78.06999216806736
12.9,14.4,1.24,-19.565824305754905
12.5,5.7,2.72,142.24269856301996
5.1,4.8,2.25,-126.2222546087889
5.5,2.5,1.24,-60.12453698895588
11.6,10.9,2.72,-24.38103033788461
10.7,11.8,1.24,51.29835684095625
8.1,11.5,2.53,-10.838310655061369
13.8,7.0,1.24,173.48278544779936
8.0,3.3,2.53,-86.9557156623472
14.0,14.6,1.24,-25.74392921673485
8.1,9.3,2.53,52.89508104878692
8.2,6.5,2.72,145.34305092813227
11.5,5.0,1.24,-125.80318409110316
6.9,18.5,1.24,-108.83673461942104
7.7,7.2,2.72,120.8072950266732
3.4,19.0,2.53,156.45725915542278
11.4,3.3,2.72,-94.32357002232008
9.1,7.9,2.53,91.29992935756104
10.2,3.7,2.53,-104.08301734840168
11.9,13.6,2.25,-81.7054906670395
4.6,18.6,2.72,144.42803233050742
12.5,18.9,1.24,-135.73835054030954
13.0,18.2,1.24,-119.45836962918408
5.6,4.1,2.25,-105.84595698950248
11.0,14.4,2.53,-123.57682527472748
6.3,6.6,2.25,170.32479321425578
5.3,5.8,2.53,-163.30389198013768
4.0,19.9,2.53,122.59085188753431
10.4,4.8,1.24,-119.5561911391542
8.5,17.9,2.72,110.628106898736
12.3,4.7,2.25,-146.47816314138268
5.2,17.3,2.72,-179.49655405053915
4.1,19.3,2.72,127.60294684610744
7.4,2.4,2.53,-60.30209472238913
7.9,19.2,2.72,76.85683533925366
11.7,8.2,1.24,144.64779751618613
3.4,12.4,2.72,-16.47935726579119
2.5,11.1,2.25,46.31954664852049
9.8,19.2,2.25,94.0381676325807
2.3,5.7,2.25,-146.85587416532792
3.6,6.9,2.53,166.71355389939364
10.7,3.0,2.53,-80.49940744056114
8.3,12.5,2.72,-49.32918118604959
8.7,14.6,2.25,-89.20168885180517
12.1,5.9,1.24,-151.22655482082138
11.9,2.6,2.72,-69.91756568475373
8.2,2.2,1.24,-53.44243161656394
5.3,16.8,1.24,-64.17284594204115
3.3,6.5,1.24,-158.25687311360912
12.8,14.9,2.72,161.80535189634784
13.8,15.7,2.53,117.42337680933556
13.4,11.5,1.24,51.564992834397415
10.0,18.0,2.53,100.55041220934092
3.0,12.6,1.24,46.25233499134431
2.8,18.1,2.53,-170.60206459109813
4.2,10.0,2.53,59.01017229280637
2.3,16.6,2.72,-132.9074404278179
11.0,12.2,2.72,-56.33623198415015
3.7,17.3,2.25,-138.4555692806658
10.0,9.3,1.24,118.41713351343088
11.8,5.4,2.53,173.86617315572306
9.1,12.3,2.25,-24.635717206278
6.7,19.6,2.53,97.74848583297218
12.2,9.7,1.24,101.32343626532187
5.8,9.5,2.25,75.4284537278381
6.0,14.9,2.53,-96.30539570251146
11.7,6.0,2.25,159.84431855217005
8.2,8.7,2.72,62.86011638078068
5.2,4.2,2.53,-110.071773264483
11.1,7.3,1.24,170.93199926516567
4.0,2.4,2.25,-58.96783272582218
13.3,5.5,2.25,169.9447874763744
4.7,2.7,2.53,-67.17182029312801
3.0,6.0,2.53,-161.0933865481244
2.8,11.5,2.72,13.945224837838976
11.5,9.3,2.72,19.86131201578876
12.2,5.3,2.25,-172.89458511894398
11.1,18.2,2.53,75.35981639542021
11.3,19.3,1.24,-140.9860255113711
13.7,9.7,2.72,-9.703780099898298
7.9,6.1,2.25,179.60182836581123
11.7,12.6,1.24,27.83536265932862
7.3,9.6,1.24,115.76826212733168
13.4,18.0,2.72,23.846267991908476
2.0,3.0,2.72,-74.18616088652816
13.9,10.8,1.24,68.14865377972022
9.2,5.1,2.72,-161.2635839064083
6.3,19.7,2.72,84.22250661971253
9.0,8.5,2.25,85.28994116984789
5.7,12.3,1.24,48.88810386271757
3.9,11.7,2.72,0.876069345366698
10.4,13.5,2.53,-84.9714891262489
10.6,5.8,2.25,176.01084701843718
11.8,14.2,1.24,-11.07670589539708
6.4,10.4,2.25,44.086531912417485
5.0,5.4,1.24,-131.30674397400824
6.3,13.2,1.24,24.646840676718515
6.2,9.4,1.24,123.15678496144096
13.3,9.9,1.24,93.31441137966824
11.3,10.5,2.25,10.697315032834393
5.5,9.0,2.72,74.33047911819645
9.6,9.4,2.25,52.38748282144428
11.4,12.1,2.53,-47.50240692895606
12.4,10.7,2.25,-1.7882139919405098
13.0,11.6,2.25,-27.80415644192844
9.5,3.4,2.25,-89.76255603903815
2.8,2.8,2.25,-68.59910222420814
4.6,9.9,1.24,113.00553348168522
12.7,4.6,1.24,-115.97444088188604
7.2,10.1,2.72,26.88723375310065
10.3,14.1,2.25,-83.3903035164181
11.6,17.5,2.53,88.73344696114964
5.0,3.2,2.25,-79.95728698206084
8.9,9.1,1.24,126.03688308109314
4.7,15.9,1.24,-39.25559680569547
2.0,16.2,1.24,-42.75781357571393
11.4,16.5,2.25,170.8405944223867
2.2,10.6,2.72,46.395427623429214
7.0,6.9,2.53,145.82701208492497
5.0,16.3,2.53,-133.50423825842682
4.5,6.1,1.24,-149.1476599223799
10.3,18.5,1.24,-117.1861292239612
13.2,6.1,1.24,-159.19157532830403
2.0,14.0,2.25,-36.05143321881994
11.2,8.9,2.25,56.12608175271885
11.9,18.0,1.24,-107.27059629079564
13.1,13.2,2.53,-98.9524432474948
13.9,8.6,1.24,127.97636069615923
3.3,8.6,2.72,105.1588876208217
8.3,19.1,2.53,89.72924083885334
12.2,14.0,2.72,-142.23420926725845
10.0,13.6,2.72,-98.20145942356238
13.6,16.9,2.25,110.09858421681842
13.5,8.7,2.25,40.99232286414618
13.7,18.5,2.25,53.84301288364252
2.7,9.9,2.72,65.4183747958813
7.5,10.6,2.25,31.357414234642125
6.0,17.1,2.25,-148.3746367113444
3.5,11.9,1.24,63.16844672417496
3.5,16.2,2.72,-129.02348034791655
12.0,15.2,2.25,-142.95590882992457
8.4,14.1,2.72,-100.21098457486792
13.5,2.1,2.72,-55.25294099638424
13.9,17.3,2.72,36.64138441488772
7.1,19.5,2.25,121.10063842284134
6.6,18.0,2.53,153.39434484276418
4.7,11.5,2.25,22.23008955631089
7.6,10.0,2.53,35.33236133372316
5.2,13.0,1.24,32.54866865002694
7.8,2.3,2.25,-57.006706917847865
7.4,6.8,2.25,156.8197520582494
5.1,15.7,2.72,-126.11637397593624
3.5,7.5,2.25,153.8297478465991
7.3,3.0,2.25,-76.1346063138007
8.2,13.1,2.53,-57.09395182781922
6.1,12.1,2.72,-23.97754643266471
10.6,10.2,1.24,92.89916704880824
7.5,17.2,1.24,-77.64971051917985
7.4,19.9,2.72,62.194993243434425
11.8,16.4,1.24,-66.2306842634946
12.1,14.6,2.53,-148.84890273632928
11.3,6.1,2.53,144.46250194411917
11.7,19.1,2.53,34.61046537160132
8.1,18.1,1.24,-102.80870301447062
8.9,13.4,2.72,-80.78423453102907
9.9,14.2,2.53,-105.7760959449194
3.1,12.0,2.25,16.216300466006228
4.9,14.7,2.53,-83.49342589657132
9.7,6.6,2.53,136.65893942615065
5.8,11.7,2.25,10.485631999272073
11.5,2.8,1.24,-68.66154291417011
5.2,15.2,1.24,-22.650447787948156
2.4,9.5,2.25,96.2500775238051
5.7,3.5,2.53,-90.22867827588335
8.9,17.8,2.53,128.8051326732466
13.8,9.2,1.24,110.37433439512375
10.6,14.5,2.72,-140.43620893168236
10.9,10.6,2.53,-2.9743245955633744
9.0,15.1,1.24,-27.70606982587633
8.5,15.8,1.24,-44.33901606553308
12.7,17.7,2.53,65.40864937326064
7.0,4.7,2.72,-134.07787981327618
7.7,13.8,2.53,-74.44788513813685
4.5,17.0,2.53,-151.2815375466652
11.3,14.9,1.24,-27.2538151114714
8.8,9.6,2.72,30.041203218618342
6.5,5.4,2.72,-158.31523681261828
10.7,9.6,2.25,38.910621154917365
3.2,7.0,2.72,161.55001128252317
2.0,11.8,2.25,27.76997262199951
9.5,5.6,2.25,-169.67862791962548
10.2,19.1,1.24,-134.33188190769718
9.3,8.9,2.72,47.79167713928341
13.1,17.6,2.25,89.7640906414751
10.0,11.4,2.72,-27.281706594888853
8.4,18.5,2.72,91.1946394208603
5.1,13.5,2.72,-58.47458759917749
2.5,8.9,2.25,114.3125205733832
11.1,2.9,2.25,-76.09310096705751
4.0,4.6,2.25,-118.08280102253904
5.4,7.4,2.72,132.16173451790803
5.1,11.4,1.24,73.28946217722078
8.8,11.8,2.72,-31.351901241293387
8.7,5.8,2.72,171.1299530265966
11.7,16.9,2.72,87.88883826370815
12.7,6.8,1.24,-178.41238566458793
11.7,14.7,2.72,-169.66362475267383
13.8,11.3,2.72,-55.251927640758176
4.2,5.6,2.53,-151.95955440432562
13.3,16.4,2.72,72.9955897649805
2.5,2.3,2.72,-56.24366128450838
4.9,8.1,2.72,110.65151034657949
2.1,2.5,1.24,-60.565261300153566
10.5,8.6,1.24,136.05127209716065
13.1,2.3,1.24,-56.46057908785173
9.2,11.7,2.53,-22.29084822103878
3.8,14.5,2.53,-71.59217449025608
8.2,4.4,1.24,-108.2360800636238
9.2,2.9,2.72,-76.84088298398157
4.3,11.6,2.53,9.557045790914405
6.1,9.9,2.72,40.510017805242505
10.9,6.2,2.72,135.16989175135643
8.9,6.9,1.24,-174.80556629934213
3.7,8.5,2.53,111.8974772120102
6.8,10.3,1.24,98.43077367804572
7.0,13.5,2.25,-46.50291112107077
9.2,18.3,1.24,-110.17930197212056
2.2,6.3,1.24,-153.84683246782782
9.3,2.4,1.24,-57.86655182517677
13.4,2.7,2.53,-74.15249550231268
3.2,4.8,2.72,-125.78620701725902
11.1,5.1,2.25,-157.47792513719313
13.8,17.9,2.53,39.17780755211052
9.6,16.0,1.24,-51.32899859319552
10.9,19.4,2.25,72.64636188988545
5.8,2.9,2.53,-73.20809503173838
7.7,18.2,2.53,131.25834144426392
2.5,4.5,2.53,-114.8302627733401
6.9,11.9,2.25,-1.2983585443052912
6.5,16.4,2.25,-130.00966009269354
5.5,6.9,1.24,-170.59431490306292
12.1,16.8,2.53,107.17622508503597
7.6,18.8,2.25,136.6080757202874
12.0,19.6,2.25,48.119388876643136
11.8,7.6,2.25,94.05448507491334
5.4,18.4,2.25,175.61681857162077
2.7,14.3,2.53,-59.8732007341613
2.5,15.5,1.24,-26.2374649546838
10.0,15.8,2.72,170.2588678318188
7.3,13.9,2.72,-84.84392200455146
13.1,8.8,2.53,29.956508780362235
7.2,18.9,2.53,114.2814079486644
3.8,12.3,2.53,-8.190232351275368
8.6,13.0,2.25,-41.15033462457523
13.4,9.3,2.25,24.70387662312333
10.3,9.7,2.53,25.054858296007776
7.0,9.1,2.53,67.36978859232568
5.1,9.2,1.24,130.20954996991853
12.4,12.9,2.25,-60.7737478786047
13.5,6.5,2.53,100.95416544362408
6.7,17.4,2.53,173.00960154457718
2.7,7.7,2.72,140.40870891910794
4.2,7.8,2.53,132.30624254046893
9.2,16.1,2.25,-143.47861921855778
4.3,2.9,1.24,-69.86658995855161
5.5,20.0,2.25,123.7511242027283
7.8,11.1,1.24,75.8844108818557
6.4,6.0,2.53,-175.9708837859402
6.0,8.3,2.72,94.43333058749133
7.8,4.5,2.25,-122.4617659464042
4.8,17.5,2.25,-151.73432247948045
2.2,19.4,2.25,170.51545856278483
10.2,16.9,1.24,-75.73571329066851
3.9,9.5,2.72,70.3026033861287
12.0,4.2,2.72,-134.80007746919424
7.1,15.1,2.53,-111.4342459108682
6.2,7.2,2.25,149.6117566625129
11.2,4.5,2.25,-133.29556490391423
11.2,6.7,2.25,134.35746671303485
4.1,12.8,1.24,39.21788236897137
3.3,4.3,1.24,-104.33476475537364
4.1,17.2,1.24,-70.61853756958834
9.8,14.8,2.25,-104.74099648039063
12.3,17.8,2.72,49.11100555202334
8.2,19.7,2.25,99.06643056544507
4.0,9.0,1.24,136.83433192580557
10.9,4.0,2.72,-121.1069179725498
13.1,11.0,2.53,-26.93166427892345
4.6,16.4,2.72,-144.1832488374363
12.7,9.0,1.24,119.17472466506491
4.6,3.3,2.53,-83.41316015067368
12.3,13.5,1.24,4.681074779041047
12.6,3.0,1.24,-73.49941893700974
8.4,9.8,1.24,108.41812130513982
8.0,9.9,2.25,48.6695921459906
12.8,19.3,2.53,18.62654535332012
2.7,5.5,2.72,-146.23494718383566
8.2,17.5,2.25,176.5571400729418
9.7,19.8,1.24,-150.8335336159539
11.1,11.6,2.72,-39.33604617892527
4.7,18.1,1.24,-96.2316097102074
2.2,12.8,2.53,-14.050421870739816
3.6,17.9,1.24,-88.25555033138163
11.5,7.1,2.72,90.09912677838756
13.8,13.5,2.72,-152.03791399332871
6.9,16.3,1.24,-53.2356904358489
14.0,12.4,1.24,27.63143850920685
6.2,2.8,2.25,-69.91879598267546
3.6,11.3,2.25,34.258128106764325
6.9,7.5,2.53,123.64273370536591
9.0,17.2,2.72,128.43320395351788
9.9,18.6,2.25,113.12016000615876
8.7,10.2,2.53,21.7162278329747
5.9,15.5,2.25,-98.65948147576924
3.9,13.9,2.72,-63.30255016592301
3.8,7.9,2.72,126.18657816769796
3.6,9.1,2.25,101.825154452412
10.8,13.4,2.25,-64.83875920190806
7.8,17.6,2.53,151.56292418044242
3.2,15.8,2.25,-92.12382414724104
10.7,7.4,2.25,110.37387121703264
4.2,3.4,2.72,-86.53523262872388
12.0,6.4,2.72,113.94383725773017
8.3,8.2,1.24,151.03160029124965
8.8,16.2,2.53,-168.23481808384977
4.5,14.8,2.72,-93.4068666515028
11.6,19.7,2.53,19.096172309697877
8.5,2.6,2.53,-66.20925836976491
9.2,7.3,2.53,112.67668034013836
7.3,7.4,2.25,135.6626258909777
11.0,3.5,1.24,-85.74785972009362
2.8,9.3,2.72,85.07176603352285
9.4,19.3,2.53,67.4761856235732
12.6,7.3,2.72,70.90363964509781
7.6,14.4,2.25,-76.29462380806363
10.2,8.1,2.53,75.16367441684315
5.8,5.1,2.53,-141.34242505045788
9.6,11.6,2.25,-8.798247543362134
5.3,19.0,1.24,-118.36536409934156
11.9,15.8,1.24,-51.319779328749405
11.9,9.2,2.53,27.09835644387473
13.6,19.1,1.24,-143.84292664117814
7.6,3.4,2.72,-90.64554238840748
7.7,9.4,2.72,44.3662943959904
9.5,14.3,2.72,-117.66606702636182
12.4,4.1,2.53,-127.5644308130654
2.3,14.4,2.72,-68.97410955646508
4.3,7.2,2.72,147.6517722420297
13.4,15.8,2.72,94.33996457086256
13.5,15.3,1.24,-42.50044073995207
7.7,2.9,1.24,-70.388457826755
12.1,8.0,2.72,52.05060303839379
13.3,14.2,2.72,175.38968757100258
10.5,10.7,2.72,-11.084108691116192
6.7,2.1,2.25,-51.81915417345221
7.1,12.9,2.53,-44.26868748266139
7.5,12.8,2.25,-30.0096867727652
10.5,17.3,2.53,119.6951550408762
7.8,19.8,2.53,75.93482536991237
13.6,14.7,2.25,-148.40688183994675
6.4,17.0,1.24,-69.88128349471822
6.3,4.4,2.53,-119.11429264004248
12.9,12.2,1.24,34.99618632575768
8.8,3.1,1.24,-75.63703444292169
11.2,17.6,2.72,74.51928074519769
3.3,19.6,2.25,158.2535794147213
7.7,5.1,1.24,-125.3267155453267
2.9,2.2,2.25,-53.846516118858965
10.4,2.6,1.24,-62.95516809696121
10.7,16.2,1.24,-58.85371978430644
13.2,12.6,2.72,-91.01703472608756
10.3,7.5,2.53,95.58767930884274
10.6,16.7,2.72,121.53917708966462
12.5,7.9,2.53,61.27793803076876
7.9,8.3,2.25,99.99232900490698
7.7,16.0,2.53,-147.5910240277544
12.0,17.4,2.25,121.68534653002553
12.2,16.2,2.72,107.19863881413526
4.3,18.2,2.25,-169.09778659734874
2.2,15.0,2.53,-77.52730120043373
2.6,6.1,2.72,-165.2039169885718
3.7,12.9,2.25,-12.77245601652224
4.1,6.2,2.53,-171.7205716824055
9.8,12.6,2.53,-50.995365866217895
2.3,10.1,1.24,111.0266091842751
7.9,10.5,1.24,91.07425435125477
10.5,15.1,2.53,-147.14938479179438
3.3,2.1,1.24,-50.365101619448346
4.8,19.7,1.24,-134.8688484570545
5.5,13.4,2.53,-49.3054122178543
4.1,8.4,2.25,121.44835328614454
6.1,3.4,2.25,-86.09612315249605
12.0,2.1,1.24,-51.03144655517397
5.7,10.1,1.24,105.81496312048994
11.6,2.2,2.25,-55.91985998787044
8.9,4.7,2.25,-132.80377429464298
8.9,11.2,2.72,-15.457287160064435
11.0,18.8,2.25,90.36432273910071
11.5,15.9,2.53,159.8826905657536
13.0,5.0,2.53,-175.89701414935092
3.6,15.7,1.24,-32.65706436072085
11.9,4.8,2.53,-157.7285560824246
4.3,13.8,2.53,-54.16081441847307
2.3,3.5,2.25,-86.57421539032062
3.4,5.9,1.24,-143.4816191198224
3.5,9.7,2.25,83.5301614483298
3.4,10.3,1.24,104.43439836466482
13.4,7.1,2.25,98.43664735334336
5.3,8.0,2.53,117.68625474986068
13.4,13.7,1.24,-2.7018178318547186
10.1,2.1,2.53,-52.95305813405315
12.7,13.3,2.72,-116.25071363090774
6.6,11.4,2.72,-6.59815412587712
4.9,3.8,1.24,-92.04113333454966
4.3,9.4,2.53,77.78613923822846
8.8,5.3,1.24,-131.52413284586856
5.0,18.5,2.53,156.01459527493802
5.8,16.1,1.24,-46.35825527964797
2.1,17.8,2.25,-142.77155890537264
9.3,15.5,2.53,-147.17048183282697
13.7,11.9,2.53,-63.03452086172
12.4,17.3,1.24,-90.6073073897908
2.0,18.4,1.24,-97.56556548401048
10.0,2.7,2.25,-69.28271939825166
6.5,7.6,2.72,115.91635464923836
3.2,18.0,2.25,-154.89326915839882
8.6,17.4,1.24,-83.79691599259893
7.2,16.7,2.53,-168.30708302199966
8.3,16.9,2.53,171.2879774156689
12.8,12.8,1.24,21.451163486285196
3.8,3.6,1.24,-87.38107547294439
7.4,15.6,1.24,-36.68823807933321
2.6,12.7,2.25,-1.3903003957908964
6.8,14.7,1.24,-13.843564453020564
11.0,5.7,1.24,-144.39905414886178
3.1,5.4,2.53,-142.45684726445458
10.4,17.9,2.25,131.12761305847118
5.6,19.4,2.53,119.38317623536358
9.5,7.8,1.24,160.02714136561374
3.8,5.7,2.72,-156.45418471430588
7.5,4.0,2.72,-110.25036936805898
2.1,11.2,2.53,35.122334002414206
4.7,13.7,2.25,-40.26731878297085
5.2,6.4,2.25,-177.55489046551344
8.3,6.0,1.24,-149.57474948350531
4.6,7.7,2.25,141.85871374022744
6.3,17.5,2.72,160.26577752664036
11.2,11.1,1.24,67.95677836475978
7.2,8.0,1.24,158.20072399985904
2.5,17.7,1.24,-81.39687976930017
7.0,2.5,2.72,-63.23058357912077
7.9,14.9,1.24,-20.204132668603084
12.2,18.4,2.53,50.78742847906242
5.8,7.3,2.53,139.42189779846183
12.2,11.8,2.72,-55.492070161080704
9.1,10.1,2.25,35.20816077751445
2.5,13.3,2.25,-18.23444893791147
5.1,17.9,2.72,161.60914924408195
9.3,17.7,2.25,153.89281027798629
8.0,14.3,1.24,-5.491318316287624
4.4,8.8,2.72,90.12277616699592
4.9,5.9,2.72,-168.67415791842825
11.6,13.1,2.72,-96.6528292361012
9.7,15.4,2.25,-124.516742959991
3.7,15.1,2.25,-74.56015062698668
10.9,8.4,2.72,50.66182951147898
7.1,6.3,2.72,161.79561678383035
7.8,13.2,2.72,-66.55588359894006
10.8,9.0,2.53,41.70306785496331
7.1,4.2,1.24,-102.9030815114163
2.1,15.6,2.25,-81.20961790705387
2.8,13.7,2.72,-51.63965467293699
9.3,19.9,2.25,78.46775508887214
7.6,7.8,2.72,99.01820798877289
13.3,7.7,1.24,154.47433829147835
3.1,3.2,2.72,-80.0917595165007
6.7,10.9,1.24,83.01204645908915
8.8,7.4,2.72,103.38932307655728
3.2,11.4,2.53,22.0737991696576
13.0,16.0,1.24,-59.594485716504416
9.9,16.4,2.53,166.203862425753
13.1,6.6,2.72,93.73458076528205
9.9,12.0,2.72,-43.73939747282083
2.1,13.4,2.53,-31.01503500882444
6.0,4.0,1.24,-96.88991923345615
3.2,13.6,2.53,-42.4571695382865
9.9,5.5,1.24,-138.1343838662192
2.6,17.1,2.25,-125.50291754518376
10.5,12.9,2.72,-75.31142931347854
8.0,12.1,2.25,-13.674396028653724
5.8,13.9,1.24,8.863216697766008
8.3,14.7,2.72,-120.850814473745
10.8,6.8,2.53,118.4445647117616
12.1,12.4,2.72,-74.70782302871302
5.9,19.9,1.24,-142.43492763264757
5.9,6.7,2.53,160.8382169634331
6.3,11.0,2.25,27.26548609450367
10.4,15.7,2.53,-171.81538439212468
12.6,5.2,1.24,-133.01689467368453
11.4,5.5,2.72,163.95518616285267
12.7,19.9,2.53,2.667698571932158
12.7,11.1,2.72,-36.37110037398193
4.1,10.6,2.25,52.39599574186768
12.4,19.4,2.72,2.5708534098887754
13.7,5.3,2.72,148.06521732524246
11.5,11.5,2.53,-31.50181364373724
12.7,15.5,2.53,154.9838062156075
2.7,12.1,2.53,4.166450870515926
10.1,15.3,1.24,-34.08308265831141
6.1,7.8,1.24,165.35607197464458
10.1,8.7,2.25,70.58655851254632
12.8,6.2,2.25,141.50246250958068
6.7,4.3,2.25,-113.82353587539208
11.4,18.7,1.24,-126.29786701764608
4.0,13.3,2.72,-46.43976312949385
8.4,3.2,2.25,-82.74030344697097
9.8,17.0,2.25,173.52236646519452
10.8,20.0,1.24,-158.58180040784598
5.8,18.3,1.24,-103.07092742273284
5.2,8.6,2.25,108.4366975368141
13.2,8.2,2.72,37.28692578380557
9.7,4.4,2.72,-133.43773387158726
3.0,19.1,2.72,145.8343554476296
9.9,3.3,1.24,-80.82904595489691
4.4,2.3,1.24,-55.31283291156817
11.6,4.4,1.24,-109.71419022803732
12.6,16.1,2.53,127.9195448104545
6.2,15.9,2.72,-142.35737181849282
3.6,4.7,2.53,-122.08597783417405
11.4,9.9,2.53,12.603631260728696
6.0,10.5,2.72,23.17129063877071
5.0,14.1,2.72,-75.4456712094115
4.4,15.4,2.53,-100.84730995108973
2.8,7.2,1.24,-175.72403013281286
8.9,2.5,2.25,-62.86045156048515
7.1,8.5,2.72,78.66620149068648
11.2,19.8,2.72,10.218473574840091
8.1,4.9,2.72,-146.86170204953612
6.9,9.7,2.25,61.96570141199122
2.7,3.4,1.24,-81.83257209504247
4.6,5.5,2.25,-146.28141108753496
8.7,16.8,2.25,-163.91594607631018
7.2,3.6,2.25,-93.0215551047064
13.0,7.2,2.53,81.82199872837752
2.6,3.9,2.72,-98.90225897686368
7.5,19.4,1.24,-133.72122775642617
8.6,4.2,2.72,-121.12319046056732
3.5,14.1,1.24,7.425788069648952
8.6,19.6,1.24,-142.847971976094
12.5,16.7,2.25,142.59908350584553
4.4,6.7,1.24,-164.61169883456964
3.8,16.7,2.25,-120.38174540943136
2.6,19.3,1.24,-122.70982175013252
10.3,11.9,2.53,-34.120445836275046
2.2,4.1,1.24,-98.75567265025822
5.5,17.8,2.53,173.52456977648097
13.9,6.4,2.25,120.92388663183532
11.4,7.7,2.53,78.76376334131812
4.9,10.3,2.72,36.852671497346265
10.6,3.6,2.25,-98.21928365040588
3.6,13.5,2.25,-29.13733215210314
9.9,7.6,2.72,86.30241484053369
12.5,14.5,2.25,-118.96947345476843
13.0,2.8,2.72,-78.50158071852127
6.4,8.2,2.53,102.59441800486655
8.1,2.7,2.72,-69.35679074109527
10.5,19.5,2.53,43.79509544236457
10.7,18.3,2.72,59.58649858087004
7.8,8.9,1.24,133.28268883049336
6.6,2.7,1.24,-65.51993360771333
5.4,5.2,2.72,-145.85718125158573
2.9,6.6,2.25,-175.31664491402984
7.6,5.6,2.72,-172.52497915098402
4.0,6.8,2.25,174.03711381243806
7.0,15.7,2.25,-111.71963025725272
13.3,3.3,2.25,-92.80531687513718
8.3,3.8,1.24,-92.85926899199995
13.2,3.9,1.24,-97.34510504671772
3.0,14.8,1.24,-9.162273987288724
14.0,10.2,2.25,-0.8634814532577045
3.1,7.6,2.53,145.6370819938582
5.9,11.1,2.53,14.310076190324764
11.7,10.4,1.24,83.90294583922324
9.5,18.7,2.72,67.25374897897338
7.9,3.9,2.53,-105.89844109309612
5.7,7.9,2.25,128.441558078949
3.5,3.1,2.53,-77.27080704169668
5.6,10.7,1.24,90.4126665585303
4.0,11.2,1.24,80.35859140886014
6.0,6.1,2.72,177.33877573061017
3.2,9.2,2.53,91.81192219616648
12.3,6.9,2.25,115.48689345774442
13.9,2.0,2.53,-51.95272999685787
4.6,14.3,1.24,0.3506255761698485
10.8,2.4,2.72,-62.46680782473317
2.4,7.3,2.25,164.64652248907458
9.7,8.8,2.53,56.503845091564784
10.5,6.4,1.24,-163.9496060167504
2.4,5.1,2.25,-129.98657523530522
2.0,7.4,2.53,158.03650301783952
3.7,10.7,2.53,40.4522291717953
12.6,11.7,2.53,-44.57051223649901
5.3,14.6,2.25,-68.78695691666042
8.5,9.2,2.25,66.79675626589638
8.4,7.6,2.25,121.01176128812465
9.1,18.9,1.24,-125.6093875200665
6.2,13.7,2.72,-70.99192980103815
7.2,5.8,1.24,-143.82591797917115
7.2,12.3,2.72,-36.46171311946958
13.9,13.0,1.24,13.383874793158816
2.6,8.3,2.53,125.2146619951984
7.0,11.3,2.53,1.7876373500530112
11.8,9.8,2.25,25.293805075678176
9.4,14.9,2.53,-124.96676279021716
5.9,4.5,2.72,-123.17372230944322
13.0,9.4,2.53,14.570713924640827
3.0,17.0,1.24,-64.03933542342524
6.0,12.7,2.53,-32.00558928690772
12.8,17.1,2.72,63.538821950963104
10.2,14.7,1.24,-19.501903985004205
10.6,8.0,1.24,152.3511364022756
7.9,12.7,1.24,33.61634651672491
3.6,20.0,2.72,111.38239547473958
13.6,3.7,2.72,-120.36536239898298
12.8,10.6,1.24,75.85972223145683
7.5,8.4,2.53,87.1461327215438
12.3,11.3,1.24,60.07759732384567
6.1,14.3,2.72,-88.47947934622714
6.6,13.6,2.53,-61.94709146770666
11.9,7.0,2.53,100.1962617624018
3.1,14.2,2.25,-46.65511933103893
13.6,8.1,2.53,41.3583571914646
2.0,5.2,2.53,-134.32547379278847
5.6,12.8,2.72,-41.09651418959384
2.5,6.7,2.53,178.53499781756844
7.5,15.0,2.25,-93.95336571086116
11.8,3.2,2.53,-89.43466094784193
13.1,19.8,2.25,24.552435270878448
8.5,13.6,1.24,10.4516708623539
12.0,8.6,2.72,34.64613936091905
9.0,19.4,2.72,52.93236330325952
11.3,3.9,2.53,-115.0274543359485
2.1,6.8,2.72,174.14635694099363
8.0,5.5,2.53,-165.59886763059413
5.0,7.6,1.24,171.73568838216514
5.9,2.3,2.72,-57.21964363946751
13.8,2.6,2.25,-69.62766703462283
4.5,19.2,2.53,139.20829323416055
8.4,5.4,2.25,-156.639667057935
4.7,4.9,2.53,-130.98925068458195
9.1,14.5,1.24,-13.03958897100362
14.0,18.9,2.72,-5.007358887905609
3.4,14.6,2.72,-80.87012315032139
13.7,3.2,1.24,-79.08563960456807
3.3,17.4,2.53,-153.2990707616303
4.3,5.0,2.72,-135.1342623741664
10.1,13.1,1.24,19.38938164095337
3.4,8.1,1.24,160.6439750947477
2.9,19.7,2.53,139.76798683645944
10.3,3.1,2.72,-84.76882799901588
2.2,17.2,2.53,-140.67722603527412
13.9,15.1,2.72,117.58152196757383
8.6,8.6,2.53,71.42992113883876
6.7,6.5,1.24,-161.3219967825245
10.8,4.6,2.72,-147.634015391246
13.5,10.9,2.25,-17.01727728072128
6.8,16.8,2.72,178.22559661595145
10.6,18.9,2.53,60.50209757948465
9.5,16.5,2.72,150.10915478398667
11.5,18.1,2.25,102.8191708667642
9.4,4.0,1.24,-98.39150105835634
6.7,15.2,2.72,-123.06921860961484
12.5,3.5,2.72,-105.2020273853898
4.7,7.1,2.53,153.73628080911885
11.9,11.4,2.25,-16.721793978063126
14.0,16.8,1.24,-81.18740282263359
5.4,9.6,2.53,63.1917703809963
10.8,17.8,1.24,-99.78443303437568
10.4,9.1,2.72,33.405873536352935
7.2,14.5,2.72,-103.79595794728516
8.1,15.9,2.25,-126.80034866159691
13.5,17.5,1.24,-99.13019616921616
13.6,12.5,2.25,-62.54883575093278
11.1,9.5,1.24,110.36141914060744
6.9,5.3,2.53,-152.49577585215192
2.4,11.7,1.24,69.84649369509336
9.3,11.1,2.53,-6.643437860394831
9.1,5.7,2.53,179.25955481419246
6.4,19.2,1.24,-125.6615665616662
12.8,8.4,1.24,135.67819213561188
9.8,10.4,2.53,8.793926396237605
9.8,8.2,2.72,66.15207528185684
5.6,17.2,2.53,-167.54269981217564
2.8,15.9,2.53,-106.40025053594776
5.6,8.5,1.24,147.59141255540592
4.8,13.1,2.25,-23.842780504611063
6.3,15.4,1.24,-29.784592224919965
12.4,15.1,1.24,-33.76523883878087
3.9,16.1,2.53,-118.73620413508372
3.9,7.4,1.24,177.78638324885026
8.2,15.3,2.53,-128.15069358973798
9.6,2.8,2.53,-73.07653439473283
3.9,18.3,2.53,174.88413379874683
10.0,7.1,1.24,178.11584329439927
12.4,8.5,2.25,58.48581261947987
11.6,15.3,2.53,-178.35149292850744
5.2,10.8,2.25,39.648706636813294
5.9,13.3,2.25,-34.930729441476345
4.2,14.4,2.25,-57.46144731524728
7.6,12.2,2.53,-26.6448863317067
6.2,5.0,2.25,-134.76764231295886
5.4,3.1,1.24,-75.21094332606548
13.3,18.6,2.53,25.68957039444103
7.1,2.0,1.24,-48.59967516898436
6.8,5.9,2.25,-167.6844036730014
9.4,10.5,2.72,0.973045350531986
2.7,18.7,2.25,-171.56513497787734
4.5,12.6,2.72,-29.04418261665
11.0,7.8,2.72,69.02913936501857
9.2,13.9,2.25,-70.34532877229135
4.4,17.6,2.53,-169.15021278587835
12.4,6.3,2.53,124.78124059132168
7.3,11.8,1.24,57.71544741793437
8.7,19.0,2.25,115.64744366127174
8.5,7.0,2.25,142.02566761510602
4.2,18.8,1.24,-113.05134741796672
3.0,3.8,2.53,-95.56014927569429
7.8,15.4,2.72,-140.98518699319678
2.3,12.2,2.72,-4.279179448164555
7.4,17.7,2.72,137.24544994960522
9.0,10.7,1.24,83.54489970754453
10.1,6.5,2.25,150.574882232583
2.4,2.9,2.53,-71.5416465730572
10.8,15.6,2.25,-142.63312675094363
4.0,17.7,2.72,179.94777989243752
9.4,12.7,2.72,-61.41560584490411
9.6,13.8,1.24,3.792229503028016
11.5,13.7,2.53,-104.31800594448416
2.5,19.8,2.72,130.26428395061953
12.5,10.1,2.53,-0.3914715880865785
6.9,3.1,2.53,-79.45207074336837
7.0,17.9,1.24,-95.100517297886
6.1,18.7,2.53,135.8893579722107
8.9,15.6,2.72,-162.29192244431496
5.6,15.0,2.72,-107.620971314917
6.6,9.2,2.72,58.99990445317835
6.4,12.6,2.25,-18.099368539860443
9.9,9.8,2.72,16.429307404059013
10.4,6.9,2.72,108.74394756064994
14.0,5.8,2.53,129.39786205266742
13.5,4.3,2.53,-144.67608110853467
6.4,14.8,2.25,-81.08755124328265
4.4,4.5,1.24,-109.61299857728132
13.2,19.2,2.25,39.43989218994124
5.5,11.2,2.72,5.860410460504229
8.8,18.4,2.25,137.3324822249145
13.2,17.0,2.53,74.22654213061386
3.0,10.4,2.25,64.75615097069256
5.1,7.0,2.25,162.7927203018332
7.3,16.1,2.72,-162.27983965877286
9.3,4.6,1.24,-113.38543908684332
12.9,16.6,1.24,-74.84689913719812
4.6,12.1,1.24,56.17152485643076
13.8,4.8,1.24,-123.11406343842788
7.4,9.0,2.25,80.50864101926145
11.7,3.8,2.25,-107.79528627291752
8.4,16.3,2.72,176.12712400578224
6.2,11.6,1.24,66.16139206182142
7.4,4.6,2.53,-129.1710180496315
10.9,12.8,2.53,-64.03725682179181
13.2,10.4,2.72,-20.16191511183704
12.9,3.4,2.53,-99.4523515591662
3.5,18.4,2.72,162.7392403671954
3.3,10.8,2.72,32.70883561800282
12.9,5.6,2.53,153.4759308142728
10.2,10.3,2.25,22.49700915029217
2.4,13.9,1.24,14.17811144802062
8.2,10.9,2.53,5.278493966377708
12.9,7.8,2.25,77.12444537190724
6.9,14.1,1.24,0.7964274673722992
5.6,6.3,1.24,-155.13641571249852
4.8,10.9,2.53,27.118907218585413
4.4,19.8,2.25,141.2419473699897
6.8,8.1,2.25,114.57550599686256
9.4,17.1,2.53,148.0282898984877
5.2,19.5,2.72,106.44800773879038
9.8,6.0,2.72,153.4371897327234
12.0,10.8,2.53,-15.421361402007566
3.1,18.6,1.24,-105.94327006772826
11.0,16.6,2.53,140.1016750092056
10.1,19.6,2.72,29.33199479316369
7.9,17.0,2.72,155.3494076722529
13.4,4.9,2.25,-161.63329340203734
3.1,9.8,2.53,73.03640950315706
9.5,12.2,1.24,43.18416235945096
4.8,8.7,2.53,97.36333081745204
2.3,18.8,2.53,172.23232797754068
9.3,6.7,2.72,127.2679088751304
12.3,20.0,2.72,-11.832345148466468
8.9,20.0,2.53,52.90159465126151
12.3,15.6,2.72,132.43442369974997
4.5,8.3,1.24,154.2733994354345
9.8,3.8,2.72,-109.29366664732976
4.1,15.0,1.24,-15.726171715927764
5.5,15.6,2.53,-115.30686591714188
2.1,20.0,1.24,-138.2128720448152
10.7,14.0,1.24,-4.138128702063483
13.6,10.3,2.53,-16.42226697291788
11.2,15.4,2.72,168.42605251700084
11.3,12.7,2.25,-48.76052403315556
8.7,12.4,2.53,-38.95165013286791
5.4,14.0,2.53,-66.04298838569689
4.9,12.5,2.53,-19.96645574612793
5.5,4.7,1.24,-115.06252013386953
13.7,14.1,2.53,-158.123841499513
4.8,2.1,2.72,-51.79387962215807
8.6,2.0,2.72,-49.98783093537131
4.5,10.5,1.24,97.64060471053332
7.4,11.2,2.25,15.120353967090477
3.7,6.3,2.72,-176.92956715082775
6.7,13.0,2.72,-53.97038953925508
11.8,18.5,2.72,36.15909040451678
12.1,10.2,2.72,-9.01286746880841
13.0,13.8,2.25,-96.34841572766172
8.6,15.2,2.25,-107.77007228331298
12.2,7.5,1.24,163.38878938155074
10.8,11.2,2.25,-4.913922206620834
2.4,18.2,2.72,179.2825681025627
3.7,19.5,1.24,-128.33502169846025
4.8,6.5,2.72,169.6259665648354
4.9,16.9,2.25,-133.07395610904015
4.1,4.0,2.53,-102.63895947986248
4.8,15.3,2.25,-85.92281670678244
5.3,12.4,2.25,-6.842211875795306
13.6,5.9,2.72,116.45086723829026
6.4,3.8,2.72,-101.51976152188476
5.7,5.7,2.25,-156.4858444066172
7.1,10.7,2.72,10.257055860181636
5.7,18.8,2.72,123.45832099383588
11.3,17.1,1.24,-83.14494029285038
6.5,12.0,2.53,-14.814949135153311
3.4,3.7,2.25,-92.51118025507516
9.7,13.2,2.25,-52.86811494298873
6.5,3.2,2.72,-82.64839768107167
6.5,18.6,2.25,157.5751509803526
2.7,16.5,2.25,-109.11132601541296
12.6,18.3,2.25,80.18465339604461
7.7,11.6,2.72,-18.78348867039193
2.9,15.3,2.72,-98.6013054822088
13.1,4.4,2.72,-152.2273241882254
5.4,11.8,2.53,-2.9299151357989768
9.7,2.2,2.72,-55.94017116547293
10.3,16.3,2.25,-165.00057874017264
4.4,13.2,2.53,-37.45117647327124
13.7,7.5,2.72,50.62247018069016
10.4,11.3,2.53,-18.435524489579763
8.7,8.0,2.72,82.42031654898155
12.7,2.4,2.25,-62.29866253685022
9.0,6.3,2.25,165.69775039345444
2.2,8.4,2.72,119.73754807865568
8.0,16.5,1.24,-59.96973183437785
12.1,3.7,1.24,-91.99056188025334
11.1,16.0,2.72,142.19297735323127
9.2,9.5,2.53,39.42999304928654
2.1,4.6,2.72,-117.8796745948912
10.9,15.0,2.25,-120.63655898121556
7.6,16.6,2.25,-146.19361708975904
10.3,5.3,2.72,-177.74767862267308
11.3,8.3,2.25,74.0026911366146
12.0,13.0,2.53,-82.61556108244108
2.3,7.9,1.24,167.02085631171138
11.6,8.8,1.24,128.18430214594082
9.1,16.7,1.24,-68.3559205647854
2.9,4.4,2.25,-111.09147753078884
5.0,11.9,2.72,-11.353854648065957
3.5,5.3,2.25,-137.6756754401772
9.1,3.5,2.53,-94.70105767206746
8.7,3.6,2.72,-99.18272343456704
2.8,5.0,1.24,-120.92737099870062
13.9,19.5,2.53,-2.8433618176621334
5.0,9.7,2.72,55.28438941670287
5.9,17.7,2.25,-167.43526271163506
5.7,14.5,1.24,-6.9298534173699045
2.4,16.0,2.72,-116.0537845021628
8.5,4.8,2.53,-140.42353228931702
5.1,2.6,2.25,-64.26135293003891
7.1,17.3,2.25,-164.92422239867653
13.5,13.1,2.25,-81.76333268892286
13.2,14.8,2.53,169.90906734918127
3.3,13.0,2.53,-25.546977530251592
9.4,6.2,1.24,-156.47451493567564
6.5,9.8,2.53,49.06674310506512
10.9,17.2,2.25,151.2595312707666
8.4,12.0,1.24,50.28361671029975
5.2,2.0,2.53,-49.19852134342605
8.1,13.7,2.25,-58.414341095747766
12.5,12.3,2.25,-43.99971356023069
11.0,10.0,2.72,4.197342885062507
4.4,11.0,2.72,18.810671613325518
3.9,5.2,1.24,-126.15474716038516
6.6,15.8,2.53,-130.24130564078578
12.6,9.5,2.72,6.30909910329693
10.6,12.4,1.24,36.38657226166672
10.0,4.9,2.25,-144.34235866617243
3.7,4.1,2.72,-105.87879968772712
2.9,17.5,2.72,-163.3412813091566
12.8,4.0,2.25,-118.78389932274068
7.3,5.2,2.25,-145.1443120229551
8.1,7.1,2.53,129.30617782103926
7.8,6.7,1.24,-167.71071266635423
8.3,10.3,2.72,14.482233735190558
5.3,3.6,2.72,-93.65116984080368
4.8,4.3,2.72,-114.06516625937977
12.9,18.7,2.72,16.755452142584414
13.1,15.4,2.25,-177.60958192281038
9.6,5.0,2.53,-153.63978663889688
6.6,4.9,1.24,-119.87439949993622
9.5,10.0,1.24,100.60259627097231
10.5,2.0,2.25,-49.88476989034902
12.9,10.0,2.25,13.3801310464634
3.0,8.2,2.25,134.14489625169523
8.6,6.4,2.53,153.4118665027466
7.3,18.3,2.72,116.76808849651042
9.7,11.0,2.25,6.53845083877435
9.0,12.9,1.24,26.83541611694036
4.7,9.3,2.25,88.94431506977462
3.2,2.7,1.24,-64.94682612294133
2.1,9.0,2.53,105.4792348623642
2.6,14.9,2.25,-63.74488729293185
6.0,19.3,2.25,140.36294883961236
11.6,6.6,1.24,-171.11392964359015
6.2,18.1,2.72,140.8806381885625
9.7,17.6,1.24,-92.9717365929002
14.0,8.0,2.25,58.95367309508829
10.1,17.4,2.72,99.27796936530828
8.6,10.8,2.25,18.769441579875277
