freq,mag,phase
6.0,0.9999928543879633,88.10569132633287
6.008,0.9999930297093412,87.96134752637482
6.016,0.9999931981104581,87.81692066522285
6.024,0.9999933597077626,87.67241069308686
6.032,0.9999935146167488,87.52781756058819
6.04,0.9999936629519569,87.38314121876165
6.048,0.9999938048269779,87.23838161905759
6.056,0.9999939403544534,87.093538713344
6.064,0.9999940696460824,86.94861245390848
6.072,0.9999941928126191,86.80360279346044
6.08,0.9999943099638798,86.6585096851331
6.088,0.999994421208743,86.51333308248556
6.096,0.999994526655153,86.36807293950487
6.104,0.999994626410122,86.22272921060815
6.112,0.9999947205797343,86.07730185064464
6.12,0.9999948092691479,85.9317908148978
6.128,0.9999948925825966,85.78619605908735
6.136,0.9999949706233939,85.64051753937137
6.144,0.9999950434939358,85.49475521234847
6.152,0.9999951112957024,85.34890903505976
6.16,0.9999951741292622,85.20297896499095
6.168,0.9999952320942734,85.05696496007455
6.176,0.9999952852894881,84.91086697869186
6.184,0.9999953338127541,84.76468497967508
6.192,0.9999953777610183,84.61841892230943
6.2,0.9999954172303285,84.47206876633524
6.208,0.9999954523158384,84.32563447195007
6.216,0.9999954831118077,84.17911599981072
6.224,0.9999955097116076,84.03251331103544
6.232,0.999995532207721,83.885826367206
6.24,0.9999955506917486,83.73905513036972
6.248,0.9999955652544085,83.59219956304172
6.256,0.9999955759855413,83.44525962820686
6.264,0.9999955829741125,83.29823528932195
6.272,0.999995586308215,83.15112651031787
6.28,0.9999955860750721,83.00393325560157
6.288,0.9999955823610412,82.85665549005832
6.296,0.9999955752516156,82.70929317905369
6.304,0.9999955648314289,82.56184628843575
6.312,0.9999955511842564,82.41431478453715
6.32,0.9999955343930191,82.26669863417725
6.328,0.9999955145397866,82.11899780466413
6.336,0.9999954917057802,81.97121226379693
6.344,0.9999954659713751,81.82334197986766
6.352,0.9999954374161043,81.67538692166363
6.36,0.9999954061186617,81.52734705846929
6.368,0.9999953721569044,81.37922236006854
6.376,0.9999953356078558,81.23101279674673
6.384,0.9999952965477102,81.08271833929281
6.392,0.9999952550518336,80.9343389590015
6.4,0.9999952111947686,80.7858746276753
6.408,0.9999951650502368,80.63732531762669
6.416,0.9999951166911416,80.48869100168024
6.424,0.9999950661895717,80.33997165317464
6.432,0.9999950136168042,80.19116724596495
6.44,0.999994959043308,80.04227775442462
6.448,0.9999949025387466,79.89330315344759
6.456,0.9999948441719807,79.74424341845051
6.464,0.9999947840110731,79.59509852537478
6.472,0.9999947221232897,79.44586845068862
6.48,0.9999946585751048,79.29655317138932
6.4879999999999995,0.9999945934322024,79.14715266500522
6.496,0.9999945267594803,78.99766690959785
6.504,0.9999944586210544,78.8480958837642
6.5120000000000005,0.9999943890802594,78.69843956663851
6.52,0.9999943181996543,78.54869793789476
6.5280000000000005,0.9999942460410243,78.39887097774846
6.536,0.9999941726653852,78.24895866695898
6.5440000000000005,0.9999940981329853,78.09896098683149
6.552,0.9999940225033102,77.94887791921926
6.5600000000000005,0.9999939458350842,77.7987094465255
6.568,0.9999938681862757,77.64845555170582
6.5760000000000005,0.9999937896140985,77.49811621826994
6.584,0.9999937101750171,77.34769143028414
6.592,0.9999936299247484,77.19718117237312
6.6,0.9999935489182653,77.04658542972224
6.608,0.9999934672098012,76.89590418807957
6.616,0.9999933848528516,76.74513743375799
6.624,0.9999933019001793,76.59428515363724
6.632,0.9999932184038155,76.44334733516615
6.64,0.9999931344150662,76.29232396636458
6.648,0.9999930499845122,76.14121503582561
6.656,0.9999929651620151,75.99002053271758
6.664,0.9999928799967196,75.83874044678619
6.672,0.9999927945370567,75.68737476835662
6.68,0.9999927088307479,75.53592348833556
6.688,0.999992622924808,75.38438659821333
6.696,0.9999925368655486,75.23276409006593
6.704,0.9999924506985818,75.0810559565572
6.712,0.9999923644688237,74.92926219094073
6.72,0.9999922782204969,74.77738278706212
6.728,0.9999921919971356,74.62541773936093
6.736,0.9999921058415876,74.47336704287278
6.744,0.9999920197960187,74.32123069323141
6.752,0.9999919339019155,74.16900868667081
6.76,0.9999918482000898,74.01670102002716
6.768,0.9999917627306808,73.86430769074097
6.776,0.9999916775331598,73.71182869685916
6.784,0.9999915926463334,73.559264037037
6.792,0.9999915081083467,73.40661371054024
6.8,0.9999914239566868,73.25387771724722
6.808,0.9999913402281868,73.10105605765074
6.816,0.9999912569590294,72.94814873286026
6.824,0.9999911741847497,72.79515574460386
6.832,0.9999910919402392,72.64207709523026
6.84,0.9999910102597498,72.48891278771092
6.848,0.9999909291768966,72.33566282564198
6.856,0.9999908487246622,72.18232721324637
6.864,0.9999907689353998,72.02890595537576
6.872,0.9999906898408367,71.87539905751261
6.88,0.9999906114720786,71.72180652577217
6.888,0.9999905338596122,71.56812836690452
6.896,0.9999904570333098,71.41436458829648
6.904,0.9999903810224327,71.26051519797373
6.912,0.9999903058556333,71.10658020460276
6.92,0.9999902315609623,70.95255961749281
6.928,0.9999901581658681,70.79845344659796
6.936,0.9999900856972035,70.64426170251899
6.944,0.9999900141812279,70.48998439650545
6.952,0.9999899436436114,70.3356215404576
6.96,0.9999898741094388,70.18117314692846
6.968,0.9999898056032126,70.02663922912559
6.976,0.9999897381488565,69.87201980091324
6.984,0.9999896717697205,69.7173148768142
6.992,0.9999896064885836,69.56252447201179
7.0,0.9999895423276567,69.40764860235177
7.008,0.999989479308588,69.25268728434438
7.016,0.9999894174524652,69.09764053516612
7.024,0.9999893567798205,68.94250837266182
7.032,0.9999892973106337,68.78729081534645
7.04,0.9999892390643355,68.63198788240717
7.048,0.9999891820598115,68.47659959370513
7.056,0.9999891263154065,68.32112596977741
7.064,0.9999890718489283,68.16556703183898
7.072,0.9999890186776497,68.00992280178451
7.08,0.9999889668183151,67.85419330219034
7.088,0.9999889162871407,67.69837855631627
7.096,0.999988867099822,67.5424785881076
7.104,0.9999888192715352,67.38649342219679
7.112,0.9999887728169413,67.23042308390554
7.12,0.9999887277501903,67.07426759924648
7.128,0.999988684084925,66.91802699492516
7.136,0.9999886418342843,66.76170129834178
7.144,0.999988601010907,66.60529053759312
7.152,0.9999885616269368,66.44879474147434
7.16,0.9999885236940242,66.29221393948083
7.168,0.9999884872233316,66.13554816181001
7.176,0.9999884522255368,65.97879743936313
7.184,0.999988418710837,65.82196180374712
7.192,0.9999883866889511,65.66504128727635
7.2,0.9999883561691265,65.50803592297451
7.208,0.99998832716014,65.35094574457628
7.216,0.9999882996703031,65.19377078652916
7.224,0.9999882737074653,65.03651108399528
7.232,0.9999882492790186,64.8791666728531
7.24,0.9999882263919005,64.72173758969927
7.248,0.999988205052598,64.56422387185022
7.256,0.9999881852671518,64.40662555734404
7.264,0.9999881670411602,64.2489426849422
7.272,0.999988150379782,64.09117529413116
7.28,0.9999881352877416,63.93332342512428
7.288,0.9999881217693316,63.775387118863314
7.296,0.999988109828418,63.61736641702033
7.304,0.9999880994684428,63.45926136199921
7.312,0.9999880906924284,63.30107199693748
7.32,0.999988083502982,63.1427983657079
7.328,0.9999880779022979,62.984440512920195
7.336,0.9999880738921625,62.82599848392265
7.344,0.9999880714739587,62.66747232480382
7.352,0.9999880706486681,62.508862082394145
7.36,0.9999880714168765,62.350167804267585
7.368,0.9999880737787762,62.19138953874324
7.376,0.9999880777341712,62.032527334886964
7.384,0.9999880832824805,61.873581242513026
7.392,0.9999880904227414,61.71455131218563
7.4,0.9999880991536151,61.555437595220525
7.4079999999999995,0.9999881094733878,61.39624014368665
7.416,0.999988121379977,61.23695901040753
7.4239999999999995,0.9999881348709346,61.077594248963116
7.432,0.9999881499434506,60.91814591369101
7.4399999999999995,0.9999881665943567,60.75861405968833
7.448,0.9999881848201304,60.598998742812874
7.4559999999999995,0.9999882046168991,60.439300019685064
7.464,0.9999882259804441,60.279517947689016
7.4719999999999995,0.9999882489062034,60.11965258497449
7.48,0.9999882733892764,59.95970399045789
7.4879999999999995,0.9999882994244281,59.79967222382422
7.496,0.9999883270060923,59.63955734552817
7.504,0.9999883561283753,59.47935941679588
7.5120000000000005,0.9999883867850605,59.31907849962607
7.52,0.9999884189696112,59.158714656791844
7.5280000000000005,0.9999884526751757,58.99826795184173
7.536,0.99998848789459,58.83773844910145
7.5440000000000005,0.9999885246203826,58.67712621367497
7.552,0.9999885628447777,58.5164313114463
7.5600000000000005,0.9999886025596989,58.35565380908042
7.568,0.9999886437567743,58.19479377402511
7.5760000000000005,0.999988686427338,58.03385127451188
7.584,0.9999887305624361,57.872826379557694
7.5920000000000005,0.9999887761528304,57.711719158965956
7.6,0.9999888231890002,57.55052968332814
7.6080000000000005,0.9999888716611487,57.389258024024876
7.616,0.9999889215592046,57.22790425322745
7.6240000000000006,0.999988972872828,57.06646844389883
7.632,0.9999890255914122,56.90495066979522
7.640000000000001,0.9999890797040889,56.743351005467105
7.648,0.9999891351997314,56.58166952626069
7.656000000000001,0.9999891920669592,56.419906308318915
7.664,0.9999892502941402,56.25806142858294
7.672,0.9999893098693958,56.096134964793094
7.68,0.9999893707806047,55.934126995490296
7.688,0.9999894330154062,55.7720376000171
7.696,0.9999894965612036,55.609866858518956
7.704,0.9999895614051691,55.44761485194532
7.712,0.9999896275342468,55.2852816620508
7.72,0.9999896949351564,55.12286737139637
7.728,0.9999897635943977,54.96037206335035
7.736,0.9999898334982529,54.79779582208966
7.744,0.9999899046327922,54.63513873260085
7.752,0.9999899769838765,54.47240088068114
7.76,0.999990050537161,54.309582352939586
7.768,0.999990125278099,54.14668323679803
7.776,0.9999902011919466,53.98370362049222
7.784,0.9999902782637652,53.82064359307285
7.792,0.9999903564784253,53.657503244406435
7.8,0.9999904358206113,53.49428266517649
7.808,0.9999905162748242,53.33098194688439
7.816,0.9999905978253851,53.167601181850394
7.824,0.9999906804564406,53.00414046321456
7.832,0.9999907641519636,52.84059988493774
7.84,0.9999908488957602,52.67697954180248
7.848,0.9999909346714708,52.51327952941393
7.856,0.999991021462575,52.34949994420072
7.864,0.999991109252395,52.185640883415886
7.872,0.9999911980240994,52.021702445137684
7.88,0.9999912877607064,51.85768472827052
7.888,0.9999913784450882,51.693587832545695
7.896,0.9999914700599736,51.5294118585223
7.904,0.9999915625879521,51.365156907587995
7.912,0.9999916560114781,51.20082308195977
7.92,0.9999917503128735,51.03641048468477
7.928,0.9999918454743317,50.87191921964105
7.936,0.9999919414779216,50.70734939153826
7.944,0.9999920383055902,50.54270110591846
7.952,0.9999921359391671,50.377974469156754
7.96,0.9999922343603675,50.21316958846204
7.968,0.999992333550796,50.048286571877654
7.976,0.9999924334919498,49.883325528282086
7.984,0.9999925341652227,49.718286567389576
7.992,0.9999926355519083,49.55316979975074
8.0,0.9999927376332034,49.387975336753236
8.008,0.999992840390212,49.22270329062236
8.016,0.9999929438039472,49.05735377442147
8.024000000000001,0.999993047855338,48.89192690205288
8.032,0.9999931525252288,48.726422788258105
8.04,0.9999932577943852,48.5608415486185
8.048,0.9999933636434971,48.39518329955575
8.056000000000001,0.999993470053182,48.229448158332474
8.064,0.9999935770039876,48.06363624305259
8.072,0.9999936844763966,47.89774767266181
8.08,0.9999937924508294,47.73178256694803
8.088000000000001,0.9999939009076468,47.56574104654191
8.096,0.9999940098271551,47.399623232917186
8.104,0.9999941191896076,47.23342924839101
8.112,0.9999942289752087,47.06715921612441
8.120000000000001,0.9999943391641176,46.90081326012264
8.128,0.9999944497364508,46.73439150523555
8.136,0.9999945606722863,46.56789407715779
8.144,0.9999946719516661,46.40132110242916
8.152000000000001,0.9999947835546001,46.234672708435035
8.16,0.9999948954610685,46.067949023406484
8.168,0.9999950076510261,45.90115017642054
8.176,0.9999951201044046,45.73427629740042
8.184000000000001,0.9999952328011168,45.567327517115835
8.192,0.9999953457210584,45.40030396718317
8.2,0.9999954588441127,45.23320578006547
8.208,0.9999955721501526,45.066033089072796
8.216000000000001,0.9999956856190447,44.89878602836235
8.224,0.9999957992306514,44.7314647329386
8.232,0.9999959129648349,44.564069338653184
8.24,0.9999960268014602,44.39659998220522
8.248000000000001,0.9999961407203976,44.22905680114133
8.256,0.9999962547015261,44.06143993385565
8.264,0.9999963687247375,43.89374951958982
8.272,0.9999964827699368,43.725985698432964
8.280000000000001,0.9999965968170486,43.558148611321855
8.288,0.9999967108460174,43.39023840004074
8.296,0.9999968248368118,43.22225520722129
8.304,0.9999969387694275,43.054199176342465
8.312,0.9999970526238902,42.88607045173071
8.32,0.9999971663802576,42.71786917855947
8.328,0.9999972800186246,42.54959550284934
8.336,0.9999973935191234,42.38124957146771
8.344,0.9999975068619285,42.21283153212884
8.352,0.9999976200272583,42.04434153339338
8.36,0.9999977329953791,41.87577972466841
8.368,0.9999978457466071,41.70714625620698
8.376,0.9999979582613112,41.53844127910819
8.384,0.9999980705199168,41.36966494531647
8.392,0.999998182502907,41.20081740762175
8.4,0.999998294190827,41.03189881965876
8.408,0.9999984055642858,40.86290933590702
8.416,0.9999985166039587,40.69384911169022
8.424,0.9999986272905915,40.524718303176066
8.432,0.9999987376050019,40.35551706737568
8.44,0.9999988475280819,40.18624556214344
8.448,0.9999989570408023,40.016903946176235
8.456,0.9999990661242132,39.84749237901333
8.464,0.9999991747594478,39.6780110210356
8.472,0.9999992829277246,39.508460033465305
8.48,0.9999993906103506,39.33883957836528
8.488,0.9999994977887225,39.169149818638736
8.496,0.9999996044443314,38.999390918028325
8.504,0.999999710558763,38.82956304111592
8.512,0.9999998161137018,38.65966635332172
8.52,0.9999999210909317,38.48970102090384
8.528,0.9999999999999999,38.31966721095748
8.536,1.0,38.1495650914145
8.544,1.0,37.9793948310424
8.552,1.0,37.80915659944399
8.56,0.9999999999999999,37.638850567056295
8.568,1.0,37.468476905150155
8.576,0.9999999999999999,37.2980357858291
8.584,0.9999999999999999,37.12752738202888
8.592,1.0,36.95695186751636
8.6,1.0,36.78630941688896
8.608,1.0,36.615600205573536
8.616,1.0000000000000002,36.44482440982569
8.624,1.0000000000000002,36.27398220672873
8.632,1.0,36.103073774192886
8.64,1.0,35.932099290954206
8.648,1.0,35.76105893657375
8.656,1.0,35.58995289143638
8.664,1.0,35.418781336750044
8.672,1.0000000000000002,35.24754445454438
8.68,1.0,35.07624242767008
8.688,0.9999999999999999,34.904875439797365
8.696,0.9999999999999999,34.733443675415266
8.704,1.0,34.561947319830225
8.712,0.9999999999999999,34.39038655916512
8.72,1.0,34.21876158035796
8.728,1.0,34.047072571160896
8.736,0.9999999999999998,33.87531972013873
8.744,1.0,33.703503216667926
8.752,1.0,33.531623250935176
8.76,1.0,33.359680013936305
8.768,1.0,33.18767369747472
8.776,0.9999999999999999,33.01560449416034
8.784,1.0000000000000002,32.84347259740804
8.792,0.9999999999999998,32.671278201436444
8.8,1.0,32.499021501266384
8.808,1.0,32.32670269271962
8.815999999999999,1.0,32.154321972417286
8.824,1.0,31.98187953777848
8.832,1.0,31.80937558701881
8.84,1.0,31.63681031914889
8.847999999999999,0.9999999999999999,31.464183933972716
8.856,1.0,31.29149663208609
8.864,1.0,31.118748614875322
8.872,1.0,30.945940084515357
8.879999999999999,0.9999999999999999,30.773071243968214
8.888,1.0,30.600142296981304
8.896,0.9999999999999999,30.427153448085964
8.904,0.9999999999999999,30.254104902595575
8.911999999999999,0.9999999999999999,30.080996866603897
8.92,1.0,29.9078295469833
8.928,1.0,29.734603151383123
8.936,1.0,29.561317888227837
8.943999999999999,1.0,29.38797396671516
8.952,1.0,29.21457159681427
8.96,0.9999999999999998,29.04111098926409
8.968,1.0,28.86759235557131
8.975999999999999,0.9999999999999999,28.69401590800841
8.984,1.0,28.520381859611827
8.992,0.9999999999999999,28.346690424180114
9.0,0.9999999999999999,28.17294181627186
9.008,1.0,27.99913625120365
9.016,1.0,27.825273945048167
9.024000000000001,0.9999999999999998,27.651355114632175
9.032,1.0,27.477379977534433
9.04,1.0,27.30334875208351
9.048,0.9999999999999999,27.129261657355826
9.056000000000001,1.0,26.955118913173514
9.064,0.9999999999999999,26.780920740102285
9.072,1.0,26.6066673594491
9.08,1.0,26.432358993260173
9.088000000000001,1.0000000000000002,26.25799586431872
9.096,1.0,26.0835781961427
9.104,1.0,25.9091062129825
9.112,0.9999999999999999,25.734580139818668
9.120000000000001,1.0,25.560000202359763
9.128,0.9999999999999999,25.385366627039904
9.136,0.9999999999999999,25.210679641016352
9.144,1.0,25.035939472167218
9.152000000000001,0.9999999999999999,24.86114634908917
9.16,0.9999999999999999,24.686300501094912
9.168,0.9999999999999998,24.51140215821068
9.176,0.9999999999999999,24.336451551173855
9.184000000000001,1.0,24.161448911430554
9.192,1.0,23.98639447113308
9.2,1.0,23.811288463137277
9.208,0.9999999999999999,23.636131121000066
9.216000000000001,1.0,23.460922678976964
9.224,1.0,23.28566337201942
9.232,1.0,23.110353435772087
9.24,1.0,22.934993106570307
9.248000000000001,1.0,22.759582621437485
9.256,0.9999999999999999,22.58412221808235
9.264,1.0,22.40861213489618
9.272,0.9999999999999999,22.233052610950143
9.280000000000001,1.0,22.057443885992623
9.288,1.0,21.8817862004464
9.296,0.9999999999999999,21.706079795405714
9.304,1.0,21.530324912633613
9.312000000000001,0.9999999999999999,21.35452179455915
9.32,0.9999999999999998,21.178670684274433
9.328,1.0,21.00277182553172
9.336,1.0000000000000002,20.826825462740544
9.344,0.9999999999999999,20.65083184096495
9.352,1.0,20.474791205920233
9.36,0.9999999999999999,20.298703803970344
9.368,0.9999999999999999,20.12256988212454
9.376,1.0,19.946389688034724
9.384,1.0,19.770163469992074
9.392,1.0,19.593891476924338
9.4,0.9999999999999999,19.417573958392428
9.408,1.0,19.241211164587654
9.416,1.0,19.064803346328283
9.424,1.0,18.888350755056763
9.432,1.0,18.71185364283617
9.44,1.0,18.535312262347425
9.448,1.0,18.35872686688577
9.456,1.0,18.182097710357837
9.464,0.9999999999999999,18.005425047278127
9.472,1.0,17.82870913276603
9.48,1.0,17.651950222542293
9.488,1.0,17.475148572925967
9.496,1.0,17.29830444083083
9.504,0.9999999999999999,17.12141808376234
9.512,0.9999999999999999,16.944489759813955
9.52,0.9999999999999999,16.767519727664084
9.528,1.0,16.590508246572348
9.536,1.0,16.41345557637655
9.544,0.9999999999999998,16.2363619774888
9.552,1.0,16.059227710892504
9.56,1.0,15.882053038138462
9.568,1.0,15.704838221341763
9.576,0.9999999999999999,15.527583523177908
9.584,1.0,15.350289206879625
9.592,1.0,15.172955536232969
9.6,0.9999999999999999,14.995582775574064
9.608,1.0,14.818171189785241
9.616,0.9999999999999999,14.640721044291677
9.624,1.0,14.463232605057506
9.632,0.9999999999999999,14.285706138582434
9.64,0.9999999999999999,14.108141911897793
9.648,1.0,13.930540192563175
9.656,1.0,13.752901248662363
9.664,0.9999999999999999,13.575225348799977
9.672,1.0,13.397512762097408
9.68,1.0,13.219763758189327
9.688,0.9999999999999999,13.041978607219658
9.696,1.0,12.86415757983806
9.704,1.0,12.686300947195797
9.712,0.9999999999999999,12.508408980942242
9.72,1.0,12.330481953220692
9.728,1.0,12.152520136664835
9.736,1.0,11.974523804394547
9.744,1.0,11.796493230012302
9.752,1.0,11.618428687598936
9.76,1.0,11.440330451710029
9.768,0.9999999999999999,11.262198797371651
9.776,1.0,11.08403400007669
9.784,1.0,10.905836335780581
9.792,1.0,10.727606080897566
9.8,1.0,10.54934351229641
9.808,1.0,10.37104890729667
9.816,1.0,10.192722543664315
9.824,0.9999999999999998,10.014364699607981
9.832,0.9999999999999999,9.835975653774588
9.84,1.0,9.657555685245523
9.847999999999999,0.9999999999999999,9.479105073532295
9.856,0.9999999999999999,9.300624098572458
9.864,1.0,9.122113040725628
9.872,0.9999999999999999,8.943572180769173
9.879999999999999,0.9999999999999999,8.76500179989399
9.888,0.9999999549624374,8.586402179700391
9.896,0.999999838405581,8.407773602193965
9.904,0.9999997208764898,8.22911634978128
9.911999999999999,0.9999996023901638,8.050430705265594
9.92,0.9999994829617523,7.871716951842632
9.928,0.9999993626065491,7.692975373096457
9.936,0.9999992413399924,7.514206252995067
9.943999999999999,0.9999991191776614,7.335409875886056
9.952,0.9999989961352757,7.156586526492362
9.96,0.9999988722286925,6.977736489908032
9.968,0.9999987474739045,6.798860051593821
9.975999999999999,0.9999986218870388,6.6199574973727415
9.984,0.9999984954843533,6.4410291134258015
9.992,0.9999983682822368,6.262075186287695
10.0,0.9999982402972045,6.083096002842339
10.008,0.9999981115458979,5.904091850318398
10.016,0.9999979820450823,5.725063016284934
10.024000000000001,0.9999978518116431,5.546009788647079
10.032,0.9999977208625858,5.3669324556415
10.04,0.9999975892150332,5.187831305831868
10.048,0.9999974568862218,5.008706628104486
10.056000000000001,0.9999973238935023,4.8295587116638785
10.064,0.9999971902543349,4.6503878460282255
10.072,0.9999970559862885,4.4711943210247895
10.08,0.9999969211070381,4.291978426785474
10.088000000000001,0.9999967856343622,4.112740453742385
10.096,0.9999966495861418,3.9334806926232107
10.104,0.9999965129803566,3.7541994344465954
10.112,0.9999963758350832,3.5748969705176763
10.120000000000001,0.9999962381684937,3.39557359242357
10.128,0.999996099998852,3.2162295920287236
10.136,0.9999959613445127,3.036865261470255
10.144,0.9999958222239181,2.8574808931534155
10.152000000000001,0.9999956826555959,2.678076779747067
10.16,0.999995542658157,2.498653214178981
10.168,0.9999954022502938,2.3192104896311205
10.176,0.9999952614507759,2.139748899535085
10.184000000000001,0.9999951202784501,1.9602687375675423
10.192,0.9999949787522362,1.7807702976454725
10.2,0.9999948368911256,1.6012538739214324
10.208,0.9999946947141782,1.421719760778951
10.216000000000001,0.9999945522405208,1.2421682528279228
10.224,0.9999944094893439,1.0625996448998216
10.232,0.9999942664799002,0.8830142320429271
10.24,0.9999941232315,0.7034123095176811
10.248000000000001,0.999993979763512,0.5237941727920383
10.256,0.9999938360953581,0.34416011753667325
10.264,0.9999936922465124,0.16451043962014125
10.272,0.999993548236497,-0.015154564895780834
10.280000000000001,0.9999934040848827,-0.1948345997607711
10.288,0.9999932598112832,-0.3745293685408165
10.296,0.999993115435354,-0.554238574623039
10.304,0.9999929709767899,-0.7339619212204245
10.312000000000001,0.9999928264553233,-0.9136991113765062
10.32,0.9999926818907198,-1.0934498479702486
10.328,0.9999925373027764,-1.273213833720928
10.336,0.9999923927113202,-1.4529907711928542
10.344000000000001,0.9999922481362042,-1.6327803628000994
10.352,0.9999921035973056,-1.8125823108114105
10.36,0.9999919591145225,-1.992396317355099
10.368,0.9999918147077731,-2.172222084423803
10.376000000000001,0.9999916703969912,-2.3520593138792547
10.384,0.9999915262021245,-2.5319077074571794
10.392,0.9999913821431319,-2.7117669667722275
10.4,0.9999912382399804,-2.891636793322781
10.408000000000001,0.9999910945126446,-3.0715168884956867
10.416,0.9999909509811008,-3.2514069535712413
10.424,0.9999908076653276,-3.4313066897281197
10.432,0.9999906645853015,-3.611215798048157
10.440000000000001,0.9999905217609943,-3.791133979521181
10.448,0.9999903792123714,-3.9710609350499495
10.456,0.9999902369593896,-4.150996365455124
10.464,0.9999900950219919,-4.330939971480084
10.472000000000001,0.9999899534201082,-4.510891453795737
10.48,0.9999898121736511,-4.690850513005501
10.488,0.9999896713025129,-4.870816849650294
10.496,0.9999895308265639,-5.050790164213349
10.504000000000001,0.9999893907656497,-5.230770157125041
10.512,0.999989251139588,-5.410756528767884
10.52,0.9999891119681669,-5.59074897948155
10.528,0.9999889732711414,-5.7707472095676415
10.536000000000001,0.9999888350682319,-5.9507509192946095
10.544,0.999988697379121,-6.1307598089027175
10.552,0.9999885602234496,-6.31077357860904
10.56,0.9999884236208176,-6.490791928612318
10.568000000000001,0.9999882875907784,-6.670814559097805
10.576,0.999988152152838,-6.850841170242318
10.584,0.9999880173264508,-7.03087146221915
10.592,0.9999878831310188,-7.210905135203069
10.600000000000001,0.9999877495858883,-7.390941889375006
10.608,0.9999876167103472,-7.570981424927233
10.616,0.9999874845236233,-7.751023442068228
10.623999999999999,0.9999873530448796,-7.9310676410276475
10.632,0.9999872222932152,-8.11111372206119
10.64,0.9999870922876598,-8.291161385455553
10.648,0.9999869630471722,-8.471210331533339
10.655999999999999,0.9999868345906378,-8.651260260658148
10.664,0.9999867069368672,-8.831310873239415
10.672,0.9999865801045915,-9.01136186973725
10.68,0.9999864541124626,-9.191412950667468
10.687999999999999,0.9999863289790468,-9.371463816606637
10.696,0.9999862047228267,-9.551514168196872
10.704,0.9999860813621957,-9.731563706150752
10.712,0.999985958915457,-9.911612131256309
10.719999999999999,0.9999858374008214,-10.091659144381996
10.728,0.9999857168364021,-10.271704446481662
10.736,0.9999855972402167,-10.45174773859926
10.744,0.9999854786301818,-10.631788721873946
10.751999999999999,0.9999853610241111,-10.811827097545043
10.76,0.9999852444397129,-10.991862566956941
10.768,0.9999851288945886,-11.171894831563888
10.776,0.9999850144062304,-11.351923592934948
10.783999999999999,0.9999849009920168,-11.531948552759141
10.792,0.9999847886692135,-11.711969412850133
10.8,0.9999846774549681,-11.891985875151146
10.808,0.9999845673663105,-12.071997641739936
10.815999999999999,0.9999844584201476,-12.252004414833745
10.824,0.9999843506332637,-12.43200589679421
10.832,0.9999842440223176,-12.61200179013204
10.84,0.9999841386038386,-12.791991797512134
10.847999999999999,0.9999840343942265,-12.971975621758492
10.856,0.9999839314097483,-13.151952965858987
10.864,0.9999838296665362,-13.331923532970253
10.872,0.9999837291805853,-13.511887026422537
10.879999999999999,0.999983629967752,-13.691843149724768
10.888,0.9999835320437501,-13.871791606569309
10.896,0.9999834354241515,-14.051732100836668
10.904,0.9999833401243811,-14.231664336600552
10.911999999999999,0.999983246159717,-14.411588018132722
10.92,0.999983153545287,-14.591502849907837
10.928,0.9999830622960681,-14.771408536608087
10.936,0.9999829724268816,-14.951304783128329
10.943999999999999,0.9999828839523935,-15.131191294580773
10.952,0.9999827968871129,-15.311067776299902
10.96,0.9999827112453876,-15.490933933847097
10.968,0.9999826270414041,-15.670789473015631
10.975999999999999,0.9999825442891845,-15.850634099835474
10.984,0.9999824630025859,-16.03046752057809
10.992,0.9999823831952968,-16.210289441761113
11.0,0.9999823048808361,-16.39009957015323
11.008,0.9999822280725519,-16.569897612779037
11.016,0.9999821527836177,-16.749683276923786
11.024000000000001,0.9999820790270332,-16.929456270137972
11.032,0.9999820068156198,-17.10921630024229
11.04,0.9999819361620208,-17.28896307533243
11.048,0.9999818670786994,-17.468696303783698
11.056000000000001,0.9999817995779342,-17.64841569425578
11.064,0.9999817336718223,-17.828120955697432
11.072,0.9999816693722735,-18.007811797351373
11.08,0.9999816066910111,-18.187487928758955
11.088000000000001,0.9999815456395686,-18.367149059764667
11.096,0.9999814862292893,-18.546794900521025
11.104,0.9999814284713228,-18.726425161493303
11.112,0.999981372376627,-18.906039553464183
11.120000000000001,0.9999813179559621,-19.085637787538257
11.128,0.9999812652198936,-19.265219575146872
11.136,0.999981214178786,-19.444784628052854
11.144,0.9999811648428057,-19.624332658355
11.152000000000001,0.9999811172219165,-19.803863378492707
11.16,0.9999810713258797,-19.983376501250742
11.168,0.9999810271642523,-20.162871739763833
11.176,0.9999809847463862,-20.3423488075212
11.184000000000001,0.9999809440814253,-20.521807418371164
11.192,0.9999809051783053,-20.701247286525845
11.2,0.999980868045753,-20.880668126565656
11.208,0.9999808326922834,-21.060069653443964
11.216000000000001,0.9999807991262001,-21.239451582491498
11.224,0.9999807673555925,-21.418813629421056
11.232,0.9999807373883358,-21.598155510331985
11.24,0.9999807092320898,-21.777476941714813
11.248000000000001,0.9999806828942969,-21.956777640455524
11.256,0.9999806583821819,-22.136057323840323
11.264,0.9999806357027501,-22.315315709560043
11.272,0.9999806148627873,-22.494552515714677
11.280000000000001,0.9999805958688577,-22.67376746081776
11.288,0.9999805787273035,-22.852960263800878
11.296,0.9999805634442442,-23.032130644018224
11.304,0.9999805500255748,-23.211278321251008
11.312000000000001,0.9999805384769658,-23.39040301571173
11.32,0.9999805288038615,-23.569504448048786
11.328,0.9999805210114797,-23.74858233935084
11.336,0.9999805151048115,-23.927636411151266
11.344000000000001,0.9999805110886187,-24.10666638543241
11.352,0.9999805089674353,-24.285671984630003
11.36,0.9999805087455644,-24.464652931637676
11.368,0.9999805104270801,-24.64360894981118
11.376000000000001,0.9999805140158243,-24.82253976297272
11.384,0.9999805195154079,-25.0014450954153
11.392,0.9999805269292097,-25.180324671907155
11.4,0.9999805362603756,-25.35917821769593
11.408000000000001,0.9999805475118175,-25.538005458512977
11.416,0.9999805606862149,-25.71680612057762
11.424,0.9999805757860121,-25.895579930601613
11.432,0.9999805928134182,-26.07432661579321
11.440000000000001,0.9999806117704085,-26.253045903861402
11.448,0.9999806326587226,-26.43173752302017
11.456,0.9999806554798629,-26.61040120199286
11.464,0.9999806802350975,-26.78903667001623
11.472000000000001,0.9999807069254565,-26.96764365684462
11.48,0.9999807355517348,-27.14622189275416
11.488,0.9999807661144897,-27.324771108547107
11.496,0.9999807986140417,-27.503291035555755
11.504000000000001,0.9999808330504741,-27.68178140564667
11.512,0.999980869423633,-27.86024195122485
11.52,0.9999809077331272,-28.03867240523779
11.528,0.9999809479783278,-28.217072501179718
11.536000000000001,0.9999809901583693,-28.39544197309539
11.544,0.9999810342721479,-28.573780555584435
11.552,0.9999810803183232,-28.752087983805332
11.56,0.9999811282953177,-28.930363993479478
11.568000000000001,0.9999811782013163,-29.108608320895087
11.576,0.9999812300342671,-29.286820702911363
11.584,0.9999812837918816,-29.46500087696247
11.592,0.9999813394716348,-29.643148581061553
11.600000000000001,0.9999813970707659,-29.821263553804563
11.608,0.9999814565862772,-29.999345534374353
11.616,0.999981518014936,-30.177394262544656
11.624,0.9999815813532742,-30.355409478684003
11.632,0.9999816465975889,-30.533390923759452
11.64,0.9999817137439432,-30.711338339340863
11.648,0.999981782788165,-30.889251467604364
11.655999999999999,0.9999818537258499,-31.067130051336633
11.664,0.9999819265523594,-31.244973833938534
11.672,0.9999820012628235,-31.422782559428967
11.68,0.9999820778521407,-31.600555972448735
11.687999999999999,0.9999821563149769,-31.778293818264512
11.696,0.9999822366457687,-31.955995842772463
11.704,0.9999823188387222,-32.13366179250207
11.712,0.9999824028878141,-32.31129141461995
11.719999999999999,0.999982488786794,-32.488884456933675
11.728,0.9999825765291824,-32.6664406678955
11.736,0.999982666108274,-32.84395979660596
11.744,0.9999827575171367,-33.02144159281774
11.751999999999999,0.9999828507486145,-33.198885806939415
11.76,0.9999829457953263,-33.37629219003906
11.768,0.9999830426496678,-33.55366049384788
11.776,0.9999831413038137,-33.73099047076396
11.783999999999999,0.9999832417497155,-33.90828187385602
11.792,0.9999833439791067,-34.08553445686686
11.8,0.9999834479835001,-34.262747974217014
11.808,0.9999835537541912,-34.439922181008484
11.815999999999999,0.9999836612822584,-34.61705683302821
11.824,0.999983770558565,-34.79415168675179
11.832,0.9999838815737585,-34.97120649934687
11.84,0.9999839943182744,-35.14822102867674
11.847999999999999,0.999984108782336,-35.32519503330404
11.856,0.9999842249559551,-35.50212827249415
11.864,0.9999843428289348,-35.67902050621861
11.872,0.9999844623908698,-35.85587149515875
11.879999999999999,0.9999845836311482,-36.03268100070921
11.888,0.9999847065389526,-36.209448784981284
11.896,0.9999848311032618,-36.38617461080642
11.904,0.9999849573128524,-36.56285824173963
11.911999999999999,0.9999850851562995,-36.739499442063035
11.92,0.9999852146219792,-36.91609797678917
11.928,0.9999853456980695,-37.09265361166433
11.936,0.9999854783725521,-37.269166113172034
11.943999999999999,0.9999856126332141,-37.44563524853647
11.952,0.999985748467649,-37.62206078572574
11.96,0.9999858858632591,-37.7984424934552
11.968,0.9999860248072566,-37.97478014119072
11.975999999999999,0.9999861652866655,-38.15107349915225
11.984,0.999986307288324,-38.327322338316954
11.992,0.9999864507988847,-38.50352643042239
12.0,0.9999865958048179,-38.67968554796993
12.008,0.9999867422924119,-38.85579946422806
12.016,0.9999868902477762,-39.03186795323554
12.024000000000001,0.9999870396568427,-39.207890789804594
12.032,0.9999871905053676,-39.383867749524164
12.04,0.9999873427789329,-39.559798608763224
12.048,0.9999874964629484,-39.73568314467391
12.056000000000001,0.9999876515426547,-39.911521135194555
12.064,0.9999878080031238,-40.08731235905301
12.072,0.9999879658292607,-40.26305659576983
12.08,0.9999881250058077,-40.43875362566136
12.088000000000001,0.9999882855173432,-40.61440322984273
12.096,0.9999884473482865,-40.79000519023118
12.104,0.9999886104828974,-40.96555928954904
12.112,0.9999887749052809,-41.14106531132696
12.120000000000001,0.9999889405993864,-41.316523039906734
12.128,0.999989107549012,-41.49193226044454
12.136,0.999989275737805,-41.66729275891402
12.144,0.9999894451492648,-41.8426043221093
12.152000000000001,0.9999896157667453,-42.017866737647886
12.16,0.999989787573456,-42.19307979397374
12.168,0.9999899605524641,-42.36824328036044
12.176,0.9999901346866987,-42.543356986914084
12.184000000000001,0.9999903099589501,-42.71842070457607
12.192,0.9999904863518729,-42.89343422512627
12.2,0.9999906638479895,-43.06839734118607
12.208,0.99999084242969,-43.24330984622113
12.216000000000001,0.9999910220792371,-43.418171534544385
12.224,0.9999912027787642,-43.59298220131888
12.232,0.9999913845102825,-43.76774164256091
12.24,0.9999915672556788,-43.94244965514271
12.248000000000001,0.9999917509967206,-44.11710603679541
12.256,0.999991935715056,-44.29171058611188
12.264,0.9999921213922185,-44.46626310254972
12.272,0.9999923080096264,-44.64076338643407
12.280000000000001,0.9999924955485864,-44.815211238960266
12.288,0.999992683990296,-44.98960646219692
12.296,0.9999928733158446,-45.16394885908868
12.304,0.9999930635062166,-45.33823823345906
12.312000000000001,0.9999932545422927,-45.51247439001317
12.32,0.999993446404853,-45.686657134340486
12.328,0.9999936390745778,-45.860786272917885
12.336,0.9999938325320507,-46.034861613112156
12.344000000000001,0.99999402675776,-46.208882963182894
12.352,0.9999942217321022,-46.38285013228517
12.36,0.9999944174353819,-46.55676293047246
12.368,0.999994613847815,-46.73062116869926
12.376000000000001,0.9999948109495309,-46.904424658823764
12.384,0.9999950087205743,-47.07817321361069
12.392,0.9999952071409068,-47.25186664673405
12.4,0.9999954061904093,-47.425504772779746
12.408000000000001,0.9999956058488833,-47.599087407248284
12.416,0.9999958060960535,-47.77261436655749
12.424,0.99999600691157,-47.94608546804525
12.432,0.999996208275008,-48.119500529972164
12.440000000000001,0.9999964101658725,-48.29285937152417
12.448,0.9999966125635978,-48.46616181281516
12.456,0.9999968154475511,-48.63940767488984
12.464,0.9999970187970323,-48.81259677972626
12.472000000000001,0.999997222591277,-48.98572895023839
12.48,0.9999974268094585,-49.1588040102788
12.488,0.9999976314306865,-49.331821784641434
12.496,0.9999978364340131,-49.50478209906409
12.504000000000001,0.9999980417984307,-49.677684780231075
12.512,0.9999982475028749,-49.85052965577575
12.52,0.9999984535262259,-50.02331655428332
12.528,0.99999865984731,-50.19604530529338
12.536000000000001,0.9999988664448994,-50.36871573930235
12.544,0.999999073297716,-50.541327687766206
12.552,0.9999992803844305,-50.71388098310314
12.56,0.9999994876836643,-50.88637545869613
12.568000000000001,0.9999996951739907,-51.05881094889533
12.576,0.9999999028339347,-51.2311872890208
12.584,1.0,-51.40350431536516
12.592,1.0,-51.57576186519605
12.600000000000001,1.0,-51.74795977675873
12.608,1.0,-51.92009788927858
12.616,1.0,-52.09217604296379
12.624,0.9999999999999999,-52.264194079007964
12.632000000000001,1.0,-52.43615183959242
12.64,1.0,-52.60804916788896
12.648,1.0,-52.779885908062425
12.656,1.0,-52.95166190527326
12.664,1.0,-53.12337700567987
12.672,1.0,-53.29503105644152
12.68,0.9999999999999999,-53.4666239057205
12.687999999999999,0.9999999999999999,-53.63815540268501
12.696,1.0,-53.809625397511624
12.704,1.0,-53.9810337413876
12.712,1.0,-54.152380286513825
12.719999999999999,1.0,-54.32366488610712
12.728,0.9999999999999999,-54.49488739440293
12.736,1.0,-54.66604766665771
12.744,1.0,-54.837145559151594
12.751999999999999,0.9999999999999998,-55.0081809291911
12.76,0.9999999999999999,-55.17915363511147
12.768,1.0,-55.350063536279286
12.776,1.0,-55.52091049309506
12.783999999999999,1.0,-55.69169436699589
12.792,1.0,-55.862415020458016
12.8,1.0,-56.03307231699927
12.808,1.0,-56.203666121181676
12.815999999999999,1.0,-56.374196298614294
12.824,1.0,-56.54466271595559
12.832,0.9999999999999999,-56.715065240915976
12.84,0.9999999999999999,-56.88540374226058
12.847999999999999,0.9999999999999999,-57.05567808981179
12.856,1.0,-57.22588815445196
12.864,1.0,-57.39603380812581
12.872,1.0,-57.566114923843195
12.879999999999999,0.9999999999999999,-57.73613137568193
12.888,1.0,-57.90608303879008
12.896,1.0,-58.0759697893888
12.904,0.9999999999999998,-58.24579150477502
12.911999999999999,1.0,-58.415548063324024
12.92,1.0,-58.58523934449227
12.928,0.9999999999999999,-58.75486522881985
12.936,1.0,-58.92442559793336
12.943999999999999,1.0,-59.093920334548585
12.952,0.9999999999999999,-59.263349322473225
12.96,0.9999999999999999,-59.432712446609486
12.968,1.0,-59.60200959295699
12.975999999999999,1.0,-59.77124064861545
12.984,1.0,-59.94040550178746
12.992,1.0,-60.109504041781214
13.0,1.0,-60.278536159013235
13.008,1.0,-60.44750174501141
13.016,0.9999999999999999,-60.616400692417656
13.024000000000001,1.0,-60.78523289499056
13.032,0.9999999999999999,-60.95399824760853
13.04,1.0,-61.122696646272516
13.048,1.0,-61.29132798810891
13.056000000000001,1.0,-61.45989217137232
13.064,1.0,-61.62838909544855
13.072,1.0,-61.79681866085755
13.08,0.9999999999999999,-61.9651807692564
13.088000000000001,1.0,-62.133475323442035
13.096,0.9999999999999999,-62.30170222735438
13.104,0.9999999999999999,-62.46986138607937
13.112,1.0,-62.63795270585185
13.120000000000001,1.0,-62.80597609405861
13.128,1.0,-62.973931459241435
13.136,1.0,-63.141818711100264
13.144,1.0,-63.30963776049613
13.152000000000001,1.0,-63.47738851945431
13.16,0.9999999999999999,-63.64507090116738
13.168,1.0,-63.812684819998566
13.176,1.0,-63.98023019148473
13.184000000000001,1.0,-64.14770693233952
13.192,1.0,-64.31511496045665
13.2,1.0,-64.48245419491325
13.208,1.0,-64.64972455597294
13.216000000000001,0.9999999999999999,-64.81692596508915
13.224,0.9999999999999999,-64.98405834490845
13.232,1.0,-65.15112161927394
13.24,1.0,-65.31811571322847
13.248000000000001,1.0,-65.48504055301817
13.256,1.0,-65.65189606609562
13.264,0.9999999999999999,-65.81868218112363
13.272,1.0,-65.98539882797849
13.280000000000001,1.0,-66.15204593775333
13.288,0.9999999999999999,-66.31862344276189
13.296,1.0,-66.48513127654199
13.304,1.0,-66.65156937385908
13.312000000000001,0.9999999999999998,-66.81793767070977
13.32,1.0,-66.98423610432555
13.328,1.0,-67.1504646131765
13.336,1.0,-67.31662313697497
13.344000000000001,1.0000000000000002,-67.48271161667917
13.352,0.9999999999999999,-67.64872999449702
13.36,1.0,-67.81467821389006
13.368,1.0,-67.98055621957721
13.376000000000001,1.0,-68.14636395753844
13.384,1.0,-68.31210137501888
13.392,1.0,-68.4777684205328
13.4,0.9999999999999998,-68.64336504386738
13.408000000000001,1.0,-68.80889119608682
13.416,1.0,-68.97434682953634
13.424,0.9999999999999999,-69.13973189784633
13.432,1.0,-69.30504635593645
13.440000000000001,1.0,-69.47029016001966
13.448,1.0,-69.63546326760648
13.456,0.9999999999999999,-69.80056563750932
13.464,1.0,-69.96559722984668
13.472000000000001,0.9999999999999999,-70.13055800604742
13.48,0.9999999999999999,-70.295447928855
13.488,1.0,-70.46026696233223
13.496,1.0,-70.62501507186539
13.504000000000001,1.0,-70.78969222416875
13.512,0.9999999999999999,-70.95429838728917
13.52,1.0,-71.11883353061062
13.528,1.0,-71.28329762485886
13.536000000000001,1.0,-71.44769064210598
13.544,0.9999999999999999,-71.61201255577504
13.552,0.9999999999999999,-71.77626334064507
13.56,0.9999999999999999,-71.94044297285566
13.568000000000001,1.0000000000000002,-72.10455142991175
13.576,0.9999999999999998,-72.26858869068867
13.584,1.0,-72.43255473543695
13.592,1.0,-72.59644954578742
13.600000000000001,1.0,-72.76027310475604
13.608,0.9999999999999998,-72.92402539674913
13.616,1.0,-73.0877064075685
13.624,1.0,-73.25131612441656
13.632000000000001,1.0,-73.41485453590151
13.64,1.0,-73.5783216320427
13.648,1.0,-73.74171740427602
13.656,0.9999999999999999,-73.90504184545907
13.664000000000001,1.0,-74.06829494987674
13.672,1.0,-74.23147671324675
13.68,1.0,-74.39458713272498
13.687999999999999,1.0,-74.55762620691132
13.696,1.0,-74.72059393585528
13.704,1.0,-74.88349032106134
13.712,0.9999999999999999,-75.04631536549518
13.719999999999999,0.9999999999999999,-75.20906907358936
13.728,1.0,-75.37175145124903
13.736,1.0,-75.53436250585801
13.744,0.9999999999999999,-75.69690224628474
13.751999999999999,1.0,-75.85937068288834
13.76,0.9999999999999999,-76.02176782752474
13.768,1.0,-76.18409369355273
13.776,0.9999999999999999,-76.34634829584037
13.783999999999999,1.0000000000000002,-76.50853165077108
13.792,1.0,-76.67064377625024
13.8,0.9999999999999998,-76.83268469171124
13.808,1.0,-76.9946544181222
13.815999999999999,0.9999999999999999,-77.1565529779925
13.824,1.0,-77.31838039537939
13.832,0.9999999999999999,-77.4801366958943
13.84,1.0,-77.64182190670999
13.847999999999999,1.0,-77.8034360565672
13.856,1.0,-77.96497917578137
13.864,1.0,-78.12645129624957
13.872,1.0,-78.28785245145757
13.879999999999999,1.0,-78.44918267648683
13.888,1.0,-78.6104420080216
13.896,1.0000000000000002,-78.77163048435598
13.904,1.0,-78.93274814540123
13.911999999999999,0.9999999999999999,-79.09379503269317
13.92,1.0,-79.2547711893993
13.928,0.9999999999999999,-79.41567666032637
13.936,1.0,-79.57651149192786
13.943999999999999,1.0,-79.73727573231145
13.952,0.9999999999999999,-79.89796943124676
13.96,0.9999999999999999,-80.05859264017292
13.968,1.0,-80.21914541220625
13.975999999999999,1.0,-80.37962780214838
13.984,1.0,-80.54003986649381
13.992,0.9999999999999999,-80.70038166343798
14.0,1.0,-80.86065325288524
